period,sku_id,product_name,distributor,ending_inventory_qty,ending_inventory_amount_jpy
2023-01,SKU0101,メトグルコGE「サンド」,卸A,9490,91100
2023-01,SKU0101,メトグルコGE「サンド」,卸B,8302,79695
2023-01,SKU0101,メトグルコGE「サンド」,卸C,4999,47992
2023-02,SKU0101,メトグルコGE「サンド」,卸A,8689,83410
2023-02,SKU0101,メトグルコGE「サンド」,卸B,7646,73406
2023-02,SKU0101,メトグルコGE「サンド」,卸C,4773,45819
2023-03,SKU0101,メトグルコGE「サンド」,卸A,10315,99026
2023-03,SKU0101,メトグルコGE「サンド」,卸B,8383,80475
2023-03,SKU0101,メトグルコGE「サンド」,卸C,5878,56426
2023-04,SKU0101,メトグルコGE「サンド」,卸A,9136,87704
2023-04,SKU0101,メトグルコGE「サンド」,卸B,7323,70302
2023-04,SKU0101,メトグルコGE「サンド」,卸C,5118,49133
2023-05,SKU0101,メトグルコGE「サンド」,卸A,9443,90655
2023-05,SKU0101,メトグルコGE「サンド」,卸B,8663,83169
2023-05,SKU0101,メトグルコGE「サンド」,卸C,5362,51476
2023-06,SKU0101,メトグルコGE「サンド」,卸A,8940,85825
2023-06,SKU0101,メトグルコGE「サンド」,卸B,9043,86817
2023-06,SKU0101,メトグルコGE「サンド」,卸C,6744,64738
2023-07,SKU0101,メトグルコGE「サンド」,卸A,8620,82755
2023-07,SKU0101,メトグルコGE「サンド」,卸B,7294,70024
2023-07,SKU0101,メトグルコGE「サンド」,卸C,4963,47647
2023-08,SKU0101,メトグルコGE「サンド」,卸A,9355,89805
2023-08,SKU0101,メトグルコGE「サンド」,卸B,8668,83216
2023-08,SKU0101,メトグルコGE「サンド」,卸C,6484,62246
2023-09,SKU0101,メトグルコGE「サンド」,卸A,10260,98494
2023-09,SKU0101,メトグルコGE「サンド」,卸B,9523,91423
2023-09,SKU0101,メトグルコGE「サンド」,卸C,6623,63583
2023-10,SKU0101,メトグルコGE「サンド」,卸A,9434,90568
2023-10,SKU0101,メトグルコGE「サンド」,卸B,8990,86306
2023-10,SKU0101,メトグルコGE「サンド」,卸C,6141,58956
2023-11,SKU0101,メトグルコGE「サンド」,卸A,8721,83717
2023-11,SKU0101,メトグルコGE「サンド」,卸B,9844,94503
2023-11,SKU0101,メトグルコGE「サンド」,卸C,5861,56263
2023-12,SKU0101,メトグルコGE「サンド」,卸A,11850,113758
2023-12,SKU0101,メトグルコGE「サンド」,卸B,9244,88742
2023-12,SKU0101,メトグルコGE「サンド」,卸C,6657,63909
2024-01,SKU0101,メトグルコGE「サンド」,卸A,9827,94337
2024-01,SKU0101,メトグルコGE「サンド」,卸B,9394,90186
2024-01,SKU0101,メトグルコGE「サンド」,卸C,6187,59397
2024-02,SKU0101,メトグルコGE「サンド」,卸A,11701,112325
2024-02,SKU0101,メトグルコGE「サンド」,卸B,9861,94668
2024-02,SKU0101,メトグルコGE「サンド」,卸C,6242,59919
2024-03,SKU0101,メトグルコGE「サンド」,卸A,15789,151570
2024-03,SKU0101,メトグルコGE「サンド」,卸B,14456,138781
2024-03,SKU0101,メトグルコGE「サンド」,卸C,7724,74151
2024-04,SKU0101,メトグルコGE「サンド」,卸A,7515,68175
2024-04,SKU0101,メトグルコGE「サンド」,卸B,6501,58978
2024-04,SKU0101,メトグルコGE「サンド」,卸C,4794,43489
2024-05,SKU0101,メトグルコGE「サンド」,卸A,8065,73165
2024-05,SKU0101,メトグルコGE「サンド」,卸B,6776,61470
2024-05,SKU0101,メトグルコGE「サンド」,卸C,5207,47242
2024-06,SKU0101,メトグルコGE「サンド」,卸A,10989,99691
2024-06,SKU0101,メトグルコGE「サンド」,卸B,10921,99075
2024-06,SKU0101,メトグルコGE「サンド」,卸C,6307,57218
2024-07,SKU0101,メトグルコGE「サンド」,卸A,12676,115000
2024-07,SKU0101,メトグルコGE「サンド」,卸B,10638,96508
2024-07,SKU0101,メトグルコGE「サンド」,卸C,7567,68652
2024-08,SKU0101,メトグルコGE「サンド」,卸A,12233,110980
2024-08,SKU0101,メトグルコGE「サンド」,卸B,11045,100204
2024-08,SKU0101,メトグルコGE「サンド」,卸C,7202,65338
2024-09,SKU0101,メトグルコGE「サンド」,卸A,11775,106823
2024-09,SKU0101,メトグルコGE「サンド」,卸B,9301,84383
2024-09,SKU0101,メトグルコGE「サンド」,卸C,6974,63268
2024-10,SKU0101,メトグルコGE「サンド」,卸A,12376,112272
2024-10,SKU0101,メトグルコGE「サンド」,卸B,10659,96700
2024-10,SKU0101,メトグルコGE「サンド」,卸C,7455,67631
2024-11,SKU0101,メトグルコGE「サンド」,卸A,11384,103277
2024-11,SKU0101,メトグルコGE「サンド」,卸B,10750,97526
2024-11,SKU0101,メトグルコGE「サンド」,卸C,6560,59512
2024-12,SKU0101,メトグルコGE「サンド」,卸A,13855,125690
2024-12,SKU0101,メトグルコGE「サンド」,卸B,14092,127843
2024-12,SKU0101,メトグルコGE「サンド」,卸C,8732,79219
2025-01,SKU0101,メトグルコGE「サンド」,卸A,12620,114493
2025-01,SKU0101,メトグルコGE「サンド」,卸B,10906,98942
2025-01,SKU0101,メトグルコGE「サンド」,卸C,7428,67391
2025-02,SKU0101,メトグルコGE「サンド」,卸A,10676,96855
2025-02,SKU0101,メトグルコGE「サンド」,卸B,9001,81661
2025-02,SKU0101,メトグルコGE「サンド」,卸C,7839,71114
2025-03,SKU0101,メトグルコGE「サンド」,卸A,18740,170013
2025-03,SKU0101,メトグルコGE「サンド」,卸B,18907,171523
2025-03,SKU0101,メトグルコGE「サンド」,卸C,11425,103650
2025-04,SKU0101,メトグルコGE「サンド」,卸A,9251,81404
2025-04,SKU0101,メトグルコGE「サンド」,卸B,8532,75082
2025-04,SKU0101,メトグルコGE「サンド」,卸C,5735,50470
2025-05,SKU0101,メトグルコGE「サンド」,卸A,9276,81629
2025-05,SKU0101,メトグルコGE「サンド」,卸B,7021,61779
2025-05,SKU0101,メトグルコGE「サンド」,卸C,5345,47036
2025-06,SKU0101,メトグルコGE「サンド」,卸A,14558,128106
2025-06,SKU0101,メトグルコGE「サンド」,卸B,12535,110308
2025-06,SKU0101,メトグルコGE「サンド」,卸C,9381,82552
2025-07,SKU0101,メトグルコGE「サンド」,卸A,14558,128111
2025-07,SKU0101,メトグルコGE「サンド」,卸B,12277,108037
2025-07,SKU0101,メトグルコGE「サンド」,卸C,8660,76203
2025-08,SKU0101,メトグルコGE「サンド」,卸A,13104,115316
2025-08,SKU0101,メトグルコGE「サンド」,卸B,11543,101574
2025-08,SKU0101,メトグルコGE「サンド」,卸C,6846,60248
2025-09,SKU0101,メトグルコGE「サンド」,卸A,12227,107598
2025-09,SKU0101,メトグルコGE「サンド」,卸B,12550,110440
2025-09,SKU0101,メトグルコGE「サンド」,卸C,7559,66518
2025-10,SKU0101,メトグルコGE「サンド」,卸A,15266,134338
2025-10,SKU0101,メトグルコGE「サンド」,卸B,13164,115837
2025-10,SKU0101,メトグルコGE「サンド」,卸C,8549,75228
2025-11,SKU0101,メトグルコGE「サンド」,卸A,12694,111704
2025-11,SKU0101,メトグルコGE「サンド」,卸B,13055,114882
2025-11,SKU0101,メトグルコGE「サンド」,卸C,7497,65970
2025-12,SKU0101,メトグルコGE「サンド」,卸A,15802,139058
2025-12,SKU0101,メトグルコGE「サンド」,卸B,13964,122881
2025-12,SKU0101,メトグルコGE「サンド」,卸C,8676,76352
2026-01,SKU0101,メトグルコGE「サンド」,卸A,14719,129525
2026-01,SKU0101,メトグルコGE「サンド」,卸B,13358,117550
2026-01,SKU0101,メトグルコGE「サンド」,卸C,8012,70501
2026-02,SKU0101,メトグルコGE「サンド」,卸A,14033,123485
2026-02,SKU0101,メトグルコGE「サンド」,卸B,12888,113413
2026-02,SKU0101,メトグルコGE「サンド」,卸C,9976,87790
2026-03,SKU0101,メトグルコGE「サンド」,卸A,20969,184520
2026-03,SKU0101,メトグルコGE「サンド」,卸B,16508,145267
2026-03,SKU0101,メトグルコGE「サンド」,卸C,11867,104426
2026-04,SKU0101,メトグルコGE「サンド」,卸A,8858,73268
2026-04,SKU0101,メトグルコGE「サンド」,卸B,7757,64163
2026-04,SKU0101,メトグルコGE「サンド」,卸C,5316,43976
2026-05,SKU0101,メトグルコGE「サンド」,卸A,9783,80926
2026-05,SKU0101,メトグルコGE「サンド」,卸B,8845,73162
2026-05,SKU0101,メトグルコGE「サンド」,卸C,6036,49926
2023-01,SKU0102,メトグルコGE「サンド」,卸A,11107,106631
2023-01,SKU0102,メトグルコGE「サンド」,卸B,9424,90466
2023-01,SKU0102,メトグルコGE「サンド」,卸C,7104,68201
2023-02,SKU0102,メトグルコGE「サンド」,卸A,10210,98018
2023-02,SKU0102,メトグルコGE「サンド」,卸B,8628,82827
2023-02,SKU0102,メトグルコGE「サンド」,卸C,6788,65163
2023-03,SKU0102,メトグルコGE「サンド」,卸A,11641,111754
2023-03,SKU0102,メトグルコGE「サンド」,卸B,10453,100354
2023-03,SKU0102,メトグルコGE「サンド」,卸C,6813,65402
2023-04,SKU0102,メトグルコGE「サンド」,卸A,9725,93357
2023-04,SKU0102,メトグルコGE「サンド」,卸B,8044,77219
2023-04,SKU0102,メトグルコGE「サンド」,卸C,6281,60294
2023-05,SKU0102,メトグルコGE「サンド」,卸A,11492,110321
2023-05,SKU0102,メトグルコGE「サンド」,卸B,9879,94838
2023-05,SKU0102,メトグルコGE「サンド」,卸C,6566,63036
2023-06,SKU0102,メトグルコGE「サンド」,卸A,11525,110639
2023-06,SKU0102,メトグルコGE「サンド」,卸B,8945,85871
2023-06,SKU0102,メトグルコGE「サンド」,卸C,6553,62906
2023-07,SKU0102,メトグルコGE「サンド」,卸A,9851,94569
2023-07,SKU0102,メトグルコGE「サンド」,卸B,8265,79348
2023-07,SKU0102,メトグルコGE「サンド」,卸C,6406,61497
2023-08,SKU0102,メトグルコGE「サンド」,卸A,11027,105862
2023-08,SKU0102,メトグルコGE「サンド」,卸B,9727,93376
2023-08,SKU0102,メトグルコGE「サンド」,卸C,6861,65870
2023-09,SKU0102,メトグルコGE「サンド」,卸A,10721,102920
2023-09,SKU0102,メトグルコGE「サンド」,卸B,10336,99228
2023-09,SKU0102,メトグルコGE「サンド」,卸C,6400,61443
2023-10,SKU0102,メトグルコGE「サンド」,卸A,10360,99455
2023-10,SKU0102,メトグルコGE「サンド」,卸B,8062,77399
2023-10,SKU0102,メトグルコGE「サンド」,卸C,5520,52994
2023-11,SKU0102,メトグルコGE「サンド」,卸A,10305,98928
2023-11,SKU0102,メトグルコGE「サンド」,卸B,9553,91711
2023-11,SKU0102,メトグルコGE「サンド」,卸C,6321,60677
2023-12,SKU0102,メトグルコGE「サンド」,卸A,11758,112874
2023-12,SKU0102,メトグルコGE「サンド」,卸B,10339,99258
2023-12,SKU0102,メトグルコGE「サンド」,卸C,6600,63357
2024-01,SKU0102,メトグルコGE「サンド」,卸A,11510,110496
2024-01,SKU0102,メトグルコGE「サンド」,卸B,9891,94957
2024-01,SKU0102,メトグルコGE「サンド」,卸C,5789,55573
2024-02,SKU0102,メトグルコGE「サンド」,卸A,11811,113383
2024-02,SKU0102,メトグルコGE「サンド」,卸B,9458,90796
2024-02,SKU0102,メトグルコGE「サンド」,卸C,6518,62571
2024-03,SKU0102,メトグルコGE「サンド」,卸A,17837,171234
2024-03,SKU0102,メトグルコGE「サンド」,卸B,13845,132911
2024-03,SKU0102,メトグルコGE「サンド」,卸C,7979,76597
2024-04,SKU0102,メトグルコGE「サンド」,卸A,6493,58905
2024-04,SKU0102,メトグルコGE「サンド」,卸B,6402,58075
2024-04,SKU0102,メトグルコGE「サンド」,卸C,4350,39463
2024-05,SKU0102,メトグルコGE「サンド」,卸A,7303,66256
2024-05,SKU0102,メトグルコGE「サンド」,卸B,6875,62371
2024-05,SKU0102,メトグルコGE「サンド」,卸C,4526,41057
2024-06,SKU0102,メトグルコGE「サンド」,卸A,9242,83846
2024-06,SKU0102,メトグルコGE「サンド」,卸B,8143,73872
2024-06,SKU0102,メトグルコGE「サンド」,卸C,5672,51453
2024-07,SKU0102,メトグルコGE「サンド」,卸A,11052,100265
2024-07,SKU0102,メトグルコGE「サンド」,卸B,8555,77611
2024-07,SKU0102,メトグルコGE「サンド」,卸C,6861,62241
2024-08,SKU0102,メトグルコGE「サンド」,卸A,10443,94738
2024-08,SKU0102,メトグルコGE「サンド」,卸B,10440,94716
2024-08,SKU0102,メトグルコGE「サンド」,卸C,6340,57521
2024-09,SKU0102,メトグルコGE「サンド」,卸A,10662,96721
2024-09,SKU0102,メトグルコGE「サンド」,卸B,9875,89585
2024-09,SKU0102,メトグルコGE「サンド」,卸C,6710,60872
2024-10,SKU0102,メトグルコGE「サンド」,卸A,10844,98379
2024-10,SKU0102,メトグルコGE「サンド」,卸B,9178,83260
2024-10,SKU0102,メトグルコGE「サンド」,卸C,6233,56543
2024-11,SKU0102,メトグルコGE「サンド」,卸A,8978,81447
2024-11,SKU0102,メトグルコGE「サンド」,卸B,8717,79081
2024-11,SKU0102,メトグルコGE「サンド」,卸C,5619,50976
2024-12,SKU0102,メトグルコGE「サンド」,卸A,11795,107001
2024-12,SKU0102,メトグルコGE「サンド」,卸B,10249,92980
2024-12,SKU0102,メトグルコGE「サンド」,卸C,7360,66772
2025-01,SKU0102,メトグルコGE「サンド」,卸A,10457,94867
2025-01,SKU0102,メトグルコGE「サンド」,卸B,8937,81073
2025-01,SKU0102,メトグルコGE「サンド」,卸C,6041,54808
2025-02,SKU0102,メトグルコGE「サンド」,卸A,9729,88257
2025-02,SKU0102,メトグルコGE「サンド」,卸B,8457,76721
2025-02,SKU0102,メトグルコGE「サンド」,卸C,5410,49080
2025-03,SKU0102,メトグルコGE「サンド」,卸A,15261,138452
2025-03,SKU0102,メトグルコGE「サンド」,卸B,14255,129321
2025-03,SKU0102,メトグルコGE「サンド」,卸C,9726,88235
2025-04,SKU0102,メトグルコGE「サンド」,卸A,8578,75482
2025-04,SKU0102,メトグルコGE「サンド」,卸B,6806,59889
2025-04,SKU0102,メトグルコGE「サンド」,卸C,4365,38413
2025-05,SKU0102,メトグルコGE「サンド」,卸A,7395,65075
2025-05,SKU0102,メトグルコGE「サンド」,卸B,6722,59154
2025-05,SKU0102,メトグルコGE「サンド」,卸C,4129,36336
2025-06,SKU0102,メトグルコGE「サンド」,卸A,12767,112348
2025-06,SKU0102,メトグルコGE「サンド」,卸B,9415,82853
2025-06,SKU0102,メトグルコGE「サンド」,卸C,6829,60092
2025-07,SKU0102,メトグルコGE「サンド」,卸A,10381,91353
2025-07,SKU0102,メトグルコGE「サンド」,卸B,9621,84662
2025-07,SKU0102,メトグルコGE「サンド」,卸C,5742,50527
2025-08,SKU0102,メトグルコGE「サンド」,卸A,9766,85943
2025-08,SKU0102,メトグルコGE「サンド」,卸B,8122,71469
2025-08,SKU0102,メトグルコGE「サンド」,卸C,5576,49066
2025-09,SKU0102,メトグルコGE「サンド」,卸A,9076,79864
2025-09,SKU0102,メトグルコGE「サンド」,卸B,9385,82590
2025-09,SKU0102,メトグルコGE「サンド」,卸C,6351,55887
2025-10,SKU0102,メトグルコGE「サンド」,卸A,10725,94378
2025-10,SKU0102,メトグルコGE「サンド」,卸B,8813,77554
2025-10,SKU0102,メトグルコGE「サンド」,卸C,5780,50866
2025-11,SKU0102,メトグルコGE「サンド」,卸A,8667,76267
2025-11,SKU0102,メトグルコGE「サンド」,卸B,8435,74230
2025-11,SKU0102,メトグルコGE「サンド」,卸C,5857,51540
2025-12,SKU0102,メトグルコGE「サンド」,卸A,10354,91112
2025-12,SKU0102,メトグルコGE「サンド」,卸B,10051,88447
2025-12,SKU0102,メトグルコGE「サンド」,卸C,5434,47820
2026-01,SKU0102,メトグルコGE「サンド」,卸A,9662,85027
2026-01,SKU0102,メトグルコGE「サンド」,卸B,8964,78877
2026-01,SKU0102,メトグルコGE「サンド」,卸C,6911,60818
2026-02,SKU0102,メトグルコGE「サンド」,卸A,9938,87451
2026-02,SKU0102,メトグルコGE「サンド」,卸B,8660,76202
2026-02,SKU0102,メトグルコGE「サンド」,卸C,5551,48852
2026-03,SKU0102,メトグルコGE「サンド」,卸A,13045,114796
2026-03,SKU0102,メトグルコGE「サンド」,卸B,11101,97684
2026-03,SKU0102,メトグルコGE「サンド」,卸C,7640,67233
2026-04,SKU0102,メトグルコGE「サンド」,卸A,5868,48537
2026-04,SKU0102,メトグルコGE「サンド」,卸B,5185,42890
2026-04,SKU0102,メトグルコGE「サンド」,卸C,3416,28257
2026-05,SKU0102,メトグルコGE「サンド」,卸A,6148,50854
2026-05,SKU0102,メトグルコGE「サンド」,卸B,5901,48810
2026-05,SKU0102,メトグルコGE「サンド」,卸C,4215,34866
2023-01,SKU0201,アトルバスタチンOD錠「サンド」,卸A,7987,113419
2023-01,SKU0201,アトルバスタチンOD錠「サンド」,卸B,7317,103899
2023-01,SKU0201,アトルバスタチンOD錠「サンド」,卸C,4473,63520
2023-02,SKU0201,アトルバスタチンOD錠「サンド」,卸A,6758,95961
2023-02,SKU0201,アトルバスタチンOD錠「サンド」,卸B,5997,85162
2023-02,SKU0201,アトルバスタチンOD錠「サンド」,卸C,4063,57700
2023-03,SKU0201,アトルバスタチンOD錠「サンド」,卸A,7574,107549
2023-03,SKU0201,アトルバスタチンOD錠「サンド」,卸B,7170,101818
2023-03,SKU0201,アトルバスタチンOD錠「サンド」,卸C,4234,60123
2023-04,SKU0201,アトルバスタチンOD錠「サンド」,卸A,7118,101073
2023-04,SKU0201,アトルバスタチンOD錠「サンド」,卸B,5642,80118
2023-04,SKU0201,アトルバスタチンOD錠「サンド」,卸C,4147,58887
2023-05,SKU0201,アトルバスタチンOD錠「サンド」,卸A,6654,94481
2023-05,SKU0201,アトルバスタチンOD錠「サンド」,卸B,6274,89087
2023-05,SKU0201,アトルバスタチンOD錠「サンド」,卸C,4158,59051
2023-06,SKU0201,アトルバスタチンOD錠「サンド」,卸A,7411,105232
2023-06,SKU0201,アトルバスタチンOD錠「サンド」,卸B,6012,85377
2023-06,SKU0201,アトルバスタチンOD錠「サンド」,卸C,4752,67479
2023-07,SKU0201,アトルバスタチンOD錠「サンド」,卸A,6533,92773
2023-07,SKU0201,アトルバスタチンOD錠「サンド」,卸B,5505,78166
2023-07,SKU0201,アトルバスタチンOD錠「サンド」,卸C,4024,57139
2023-08,SKU0201,アトルバスタチンOD錠「サンド」,卸A,7246,102897
2023-08,SKU0201,アトルバスタチンOD錠「サンド」,卸B,6732,95596
2023-08,SKU0201,アトルバスタチンOD錠「サンド」,卸C,3685,52326
2023-09,SKU0201,アトルバスタチンOD錠「サンド」,卸A,7349,104356
2023-09,SKU0201,アトルバスタチンOD錠「サンド」,卸B,6950,98686
2023-09,SKU0201,アトルバスタチンOD錠「サンド」,卸C,4488,63723
2023-10,SKU0201,アトルバスタチンOD錠「サンド」,卸A,7058,100224
2023-10,SKU0201,アトルバスタチンOD錠「サンド」,卸B,6663,94617
2023-10,SKU0201,アトルバスタチンOD錠「サンド」,卸C,5015,71215
2023-11,SKU0201,アトルバスタチンOD錠「サンド」,卸A,6507,92404
2023-11,SKU0201,アトルバスタチンOD錠「サンド」,卸B,7057,100208
2023-11,SKU0201,アトルバスタチンOD錠「サンド」,卸C,4042,57396
2023-12,SKU0201,アトルバスタチンOD錠「サンド」,卸A,8416,119502
2023-12,SKU0201,アトルバスタチンOD錠「サンド」,卸B,7541,107089
2023-12,SKU0201,アトルバスタチンOD錠「サンド」,卸C,4986,70794
2024-01,SKU0201,アトルバスタチンOD錠「サンド」,卸A,8846,125611
2024-01,SKU0201,アトルバスタチンOD錠「サンド」,卸B,6571,93302
2024-01,SKU0201,アトルバスタチンOD錠「サンド」,卸C,4988,70825
2024-02,SKU0201,アトルバスタチンOD錠「サンド」,卸A,7073,100443
2024-02,SKU0201,アトルバスタチンOD錠「サンド」,卸B,6713,95322
2024-02,SKU0201,アトルバスタチンOD錠「サンド」,卸C,4392,62368
2024-03,SKU0201,アトルバスタチンOD錠「サンド」,卸A,10235,145333
2024-03,SKU0201,アトルバスタチンOD錠「サンド」,卸B,8834,125443
2024-03,SKU0201,アトルバスタチンOD錠「サンド」,卸C,5539,78654
2024-04,SKU0201,アトルバスタチンOD錠「サンド」,卸A,5132,68873
2024-04,SKU0201,アトルバスタチンOD錠「サンド」,卸B,4970,66687
2024-04,SKU0201,アトルバスタチンOD錠「サンド」,卸C,3315,44482
2024-05,SKU0201,アトルバスタチンOD錠「サンド」,卸A,5967,80071
2024-05,SKU0201,アトルバスタチンOD錠「サンド」,卸B,5356,71869
2024-05,SKU0201,アトルバスタチンOD錠「サンド」,卸C,3550,47632
2024-06,SKU0201,アトルバスタチンOD錠「サンド」,卸A,7459,100099
2024-06,SKU0201,アトルバスタチンOD錠「サンド」,卸B,7066,94814
2024-06,SKU0201,アトルバスタチンOD錠「サンド」,卸C,4796,64361
2024-07,SKU0201,アトルバスタチンOD錠「サンド」,卸A,7966,106902
2024-07,SKU0201,アトルバスタチンOD錠「サンド」,卸B,6281,84289
2024-07,SKU0201,アトルバスタチンOD錠「サンド」,卸C,4469,59970
2024-08,SKU0201,アトルバスタチンOD錠「サンド」,卸A,8235,110503
2024-08,SKU0201,アトルバスタチンOD錠「サンド」,卸B,6156,82614
2024-08,SKU0201,アトルバスタチンOD錠「サンド」,卸C,4715,63268
2024-09,SKU0201,アトルバスタチンOD錠「サンド」,卸A,7106,95355
2024-09,SKU0201,アトルバスタチンOD錠「サンド」,卸B,7424,99616
2024-09,SKU0201,アトルバスタチンOD錠「サンド」,卸C,4703,63109
2024-10,SKU0201,アトルバスタチンOD錠「サンド」,卸A,8140,109227
2024-10,SKU0201,アトルバスタチンOD錠「サンド」,卸B,6270,84138
2024-10,SKU0201,アトルバスタチンOD錠「サンド」,卸C,4573,61369
2024-11,SKU0201,アトルバスタチンOD錠「サンド」,卸A,7216,96827
2024-11,SKU0201,アトルバスタチンOD錠「サンド」,卸B,7359,98747
2024-11,SKU0201,アトルバスタチンOD錠「サンド」,卸C,4778,64118
2024-12,SKU0201,アトルバスタチンOD錠「サンド」,卸A,7220,96885
2024-12,SKU0201,アトルバスタチンOD錠「サンド」,卸B,5400,72462
2024-12,SKU0201,アトルバスタチンOD錠「サンド」,卸C,4392,58934
2025-01,SKU0201,アトルバスタチンOD錠「サンド」,卸A,7603,102020
2025-01,SKU0201,アトルバスタチンOD錠「サンド」,卸B,6035,80983
2025-01,SKU0201,アトルバスタチンOD錠「サンド」,卸C,4073,54654
2025-02,SKU0201,アトルバスタチンOD錠「サンド」,卸A,9001,120786
2025-02,SKU0201,アトルバスタチンOD錠「サンド」,卸B,6930,93000
2025-02,SKU0201,アトルバスタチンOD錠「サンド」,卸C,4579,61439
2025-03,SKU0201,アトルバスタチンOD錠「サンド」,卸A,10381,139308
2025-03,SKU0201,アトルバスタチンOD錠「サンド」,卸B,10499,140887
2025-03,SKU0201,アトルバスタチンOD錠「サンド」,卸C,5708,76595
2025-04,SKU0201,アトルバスタチンOD錠「サンド」,卸A,4052,52743
2025-04,SKU0201,アトルバスタチンOD錠「サンド」,卸B,3649,47494
2025-04,SKU0201,アトルバスタチンOD錠「サンド」,卸C,2539,33047
2025-05,SKU0201,アトルバスタチンOD錠「サンド」,卸A,4886,63601
2025-05,SKU0201,アトルバスタチンOD錠「サンド」,卸B,4730,61566
2025-05,SKU0201,アトルバスタチンOD錠「サンド」,卸C,3100,40352
2025-06,SKU0201,アトルバスタチンOD錠「サンド」,卸A,7136,92883
2025-06,SKU0201,アトルバスタチンOD錠「サンド」,卸B,5805,75556
2025-06,SKU0201,アトルバスタチンOD錠「サンド」,卸C,3893,50675
2025-07,SKU0201,アトルバスタチンOD錠「サンド」,卸A,6164,80235
2025-07,SKU0201,アトルバスタチンOD錠「サンド」,卸B,5870,76403
2025-07,SKU0201,アトルバスタチンOD錠「サンド」,卸C,4083,53140
2025-08,SKU0201,アトルバスタチンOD錠「サンド」,卸A,7551,98283
2025-08,SKU0201,アトルバスタチンOD錠「サンド」,卸B,6358,82757
2025-08,SKU0201,アトルバスタチンOD錠「サンド」,卸C,3895,50702
2025-09,SKU0201,アトルバスタチンOD錠「サンド」,卸A,6911,89958
2025-09,SKU0201,アトルバスタチンOD錠「サンド」,卸B,5446,70884
2025-09,SKU0201,アトルバスタチンOD錠「サンド」,卸C,4340,56485
2025-10,SKU0201,アトルバスタチンOD錠「サンド」,卸A,6343,82560
2025-10,SKU0201,アトルバスタチンOD錠「サンド」,卸B,7271,94647
2025-10,SKU0201,アトルバスタチンOD錠「サンド」,卸C,4135,53821
2025-11,SKU0201,アトルバスタチンOD錠「サンド」,卸A,7132,92831
2025-11,SKU0201,アトルバスタチンOD錠「サンド」,卸B,6389,83166
2025-11,SKU0201,アトルバスタチンOD錠「サンド」,卸C,4910,63907
2025-12,SKU0201,アトルバスタチンOD錠「サンド」,卸A,7675,99903
2025-12,SKU0201,アトルバスタチンOD錠「サンド」,卸B,6771,88137
2025-12,SKU0201,アトルバスタチンOD錠「サンド」,卸C,4733,61604
2026-01,SKU0201,アトルバスタチンOD錠「サンド」,卸A,6080,79143
2026-01,SKU0201,アトルバスタチンOD錠「サンド」,卸B,5278,68698
2026-01,SKU0201,アトルバスタチンOD錠「サンド」,卸C,3484,45345
2026-02,SKU0201,アトルバスタチンOD錠「サンド」,卸A,6990,90991
2026-02,SKU0201,アトルバスタチンOD錠「サンド」,卸B,6591,85791
2026-02,SKU0201,アトルバスタチンOD錠「サンド」,卸C,4442,57817
2026-03,SKU0201,アトルバスタチンOD錠「サンド」,卸A,10797,140539
2026-03,SKU0201,アトルバスタチンOD錠「サンド」,卸B,11240,146299
2026-03,SKU0201,アトルバスタチンOD錠「サンド」,卸C,6255,81423
2026-04,SKU0201,アトルバスタチンOD錠「サンド」,卸A,5061,61925
2026-04,SKU0201,アトルバスタチンOD錠「サンド」,卸B,4020,49191
2026-04,SKU0201,アトルバスタチンOD錠「サンド」,卸C,2772,33914
2026-05,SKU0201,アトルバスタチンOD錠「サンド」,卸A,4469,54681
2026-05,SKU0201,アトルバスタチンOD錠「サンド」,卸B,4055,49610
2026-05,SKU0201,アトルバスタチンOD錠「サンド」,卸C,2273,27813
2023-01,SKU0202,アトルバスタチンOD錠「サンド」,卸A,4891,119825
2023-01,SKU0202,アトルバスタチンOD錠「サンド」,卸B,4580,112209
2023-01,SKU0202,アトルバスタチンOD錠「サンド」,卸C,3090,75703
2023-02,SKU0202,アトルバスタチンOD錠「サンド」,卸A,4966,121661
2023-02,SKU0202,アトルバスタチンOD錠「サンド」,卸B,4330,106074
2023-02,SKU0202,アトルバスタチンOD錠「サンド」,卸C,2732,66930
2023-03,SKU0202,アトルバスタチンOD錠「サンド」,卸A,5247,128550
2023-03,SKU0202,アトルバスタチンOD錠「サンド」,卸B,4318,105801
2023-03,SKU0202,アトルバスタチンOD錠「サンド」,卸C,2803,68679
2023-04,SKU0202,アトルバスタチンOD錠「サンド」,卸A,4935,120915
2023-04,SKU0202,アトルバスタチンOD錠「サンド」,卸B,4427,108468
2023-04,SKU0202,アトルバスタチンOD錠「サンド」,卸C,2934,71894
2023-05,SKU0202,アトルバスタチンOD錠「サンド」,卸A,4924,120648
2023-05,SKU0202,アトルバスタチンOD錠「サンド」,卸B,4627,113368
2023-05,SKU0202,アトルバスタチンOD錠「サンド」,卸C,3148,77118
2023-06,SKU0202,アトルバスタチンOD錠「サンド」,卸A,5384,131905
2023-06,SKU0202,アトルバスタチンOD錠「サンド」,卸B,4762,116659
2023-06,SKU0202,アトルバスタチンOD錠「サンド」,卸C,3757,92058
2023-07,SKU0202,アトルバスタチンOD錠「サンド」,卸A,4437,108705
2023-07,SKU0202,アトルバスタチンOD錠「サンド」,卸B,4622,113236
2023-07,SKU0202,アトルバスタチンOD錠「サンド」,卸C,3109,76178
2023-08,SKU0202,アトルバスタチンOD錠「サンド」,卸A,5592,137006
2023-08,SKU0202,アトルバスタチンOD錠「サンド」,卸B,5117,125369
2023-08,SKU0202,アトルバスタチンOD錠「サンド」,卸C,3400,83311
2023-09,SKU0202,アトルバスタチンOD錠「サンド」,卸A,5681,139180
2023-09,SKU0202,アトルバスタチンOD錠「サンド」,卸B,5242,128436
2023-09,SKU0202,アトルバスタチンOD錠「サンド」,卸C,3505,85877
2023-10,SKU0202,アトルバスタチンOD錠「サンド」,卸A,5827,142766
2023-10,SKU0202,アトルバスタチンOD錠「サンド」,卸B,5694,139495
2023-10,SKU0202,アトルバスタチンOD錠「サンド」,卸C,3350,82082
2023-11,SKU0202,アトルバスタチンOD錠「サンド」,卸A,6421,157310
2023-11,SKU0202,アトルバスタチンOD錠「サンド」,卸B,4769,116838
2023-11,SKU0202,アトルバスタチンOD錠「サンド」,卸C,3969,97243
2023-12,SKU0202,アトルバスタチンOD錠「サンド」,卸A,6194,151750
2023-12,SKU0202,アトルバスタチンOD錠「サンド」,卸B,5710,139897
2023-12,SKU0202,アトルバスタチンOD錠「サンド」,卸C,4079,99944
2024-01,SKU0202,アトルバスタチンOD錠「サンド」,卸A,6301,154371
2024-01,SKU0202,アトルバスタチンOD錠「サンド」,卸B,5754,140966
2024-01,SKU0202,アトルバスタチンOD錠「サンド」,卸C,3297,80781
2024-02,SKU0202,アトルバスタチンOD錠「サンド」,卸A,5933,145361
2024-02,SKU0202,アトルバスタチンOD錠「サンド」,卸B,5189,127141
2024-02,SKU0202,アトルバスタチンOD錠「サンド」,卸C,3456,84670
2024-03,SKU0202,アトルバスタチンOD錠「サンド」,卸A,8539,209209
2024-03,SKU0202,アトルバスタチンOD錠「サンド」,卸B,8474,207624
2024-03,SKU0202,アトルバスタチンOD錠「サンド」,卸C,5018,122946
2024-04,SKU0202,アトルバスタチンOD錠「サンド」,卸A,4037,93466
2024-04,SKU0202,アトルバスタチンOD錠「サンド」,卸B,3404,78820
2024-04,SKU0202,アトルバスタチンOD錠「サンド」,卸C,2601,60218
2024-05,SKU0202,アトルバスタチンOD錠「サンド」,卸A,4632,107237
2024-05,SKU0202,アトルバスタチンOD錠「サンド」,卸B,4901,113467
2024-05,SKU0202,アトルバスタチンOD錠「サンド」,卸C,2960,68535
2024-06,SKU0202,アトルバスタチンOD錠「サンド」,卸A,7303,169088
2024-06,SKU0202,アトルバスタチンOD錠「サンド」,卸B,5664,131135
2024-06,SKU0202,アトルバスタチンOD錠「サンド」,卸C,3954,91544
2024-07,SKU0202,アトルバスタチンOD錠「サンド」,卸A,6347,146941
2024-07,SKU0202,アトルバスタチンOD錠「サンド」,卸B,6690,154888
2024-07,SKU0202,アトルバスタチンOD錠「サンド」,卸C,4286,99237
2024-08,SKU0202,アトルバスタチンOD錠「サンド」,卸A,7054,163329
2024-08,SKU0202,アトルバスタチンOD錠「サンド」,卸B,5682,131560
2024-08,SKU0202,アトルバスタチンOD錠「サンド」,卸C,4677,108285
2024-09,SKU0202,アトルバスタチンOD錠「サンド」,卸A,6575,152231
2024-09,SKU0202,アトルバスタチンOD錠「サンド」,卸B,5883,136206
2024-09,SKU0202,アトルバスタチンOD錠「サンド」,卸C,4189,96982
2024-10,SKU0202,アトルバスタチンOD錠「サンド」,卸A,7654,177203
2024-10,SKU0202,アトルバスタチンOD錠「サンド」,卸B,6613,153103
2024-10,SKU0202,アトルバスタチンOD錠「サンド」,卸C,4579,106021
2024-11,SKU0202,アトルバスタチンOD錠「サンド」,卸A,7405,171445
2024-11,SKU0202,アトルバスタチンOD錠「サンド」,卸B,5597,129585
2024-11,SKU0202,アトルバスタチンOD錠「サンド」,卸C,4483,103789
2024-12,SKU0202,アトルバスタチンOD錠「サンド」,卸A,6583,152411
2024-12,SKU0202,アトルバスタチンOD錠「サンド」,卸B,6309,146061
2024-12,SKU0202,アトルバスタチンOD錠「サンド」,卸C,4093,94769
2025-01,SKU0202,アトルバスタチンOD錠「サンド」,卸A,6461,149590
2025-01,SKU0202,アトルバスタチンOD錠「サンド」,卸B,5460,126412
2025-01,SKU0202,アトルバスタチンOD錠「サンド」,卸C,3738,86539
2025-02,SKU0202,アトルバスタチンOD錠「サンド」,卸A,7212,166984
2025-02,SKU0202,アトルバスタチンOD錠「サンド」,卸B,6312,146143
2025-02,SKU0202,アトルバスタチンOD錠「サンド」,卸C,3983,92208
2025-03,SKU0202,アトルバスタチンOD錠「サンド」,卸A,11384,263566
2025-03,SKU0202,アトルバスタチンOD錠「サンド」,卸B,10151,235012
2025-03,SKU0202,アトルバスタチンOD錠「サンド」,卸C,6133,141996
2025-04,SKU0202,アトルバスタチンOD錠「サンド」,卸A,4437,99648
2025-04,SKU0202,アトルバスタチンOD錠「サンド」,卸B,3568,80122
2025-04,SKU0202,アトルバスタチンOD錠「サンド」,卸C,2808,63060
2025-05,SKU0202,アトルバスタチンOD錠「サンド」,卸A,5262,118177
2025-05,SKU0202,アトルバスタチンOD錠「サンド」,卸B,4623,103832
2025-05,SKU0202,アトルバスタチンOD錠「サンド」,卸C,3264,73313
2025-06,SKU0202,アトルバスタチンOD錠「サンド」,卸A,7859,176496
2025-06,SKU0202,アトルバスタチンOD錠「サンド」,卸B,6151,138143
2025-06,SKU0202,アトルバスタチンOD錠「サンド」,卸C,4238,95181
2025-07,SKU0202,アトルバスタチンOD錠「サンド」,卸A,7268,163229
2025-07,SKU0202,アトルバスタチンOD錠「サンド」,卸B,5802,130312
2025-07,SKU0202,アトルバスタチンOD錠「サンド」,卸C,4492,100874
2025-08,SKU0202,アトルバスタチンOD錠「サンド」,卸A,8120,182362
2025-08,SKU0202,アトルバスタチンOD錠「サンド」,卸B,7874,176842
2025-08,SKU0202,アトルバスタチンOD錠「サンド」,卸C,4068,91352
2025-09,SKU0202,アトルバスタチンOD錠「サンド」,卸A,7595,170564
2025-09,SKU0202,アトルバスタチンOD錠「サンド」,卸B,6496,145882
2025-09,SKU0202,アトルバスタチンOD錠「サンド」,卸C,4352,97739
2025-10,SKU0202,アトルバスタチンOD錠「サンド」,卸A,8189,183898
2025-10,SKU0202,アトルバスタチンOD錠「サンド」,卸B,6640,149124
2025-10,SKU0202,アトルバスタチンOD錠「サンド」,卸C,4432,99526
2025-11,SKU0202,アトルバスタチンOD錠「サンド」,卸A,8696,195302
2025-11,SKU0202,アトルバスタチンOD錠「サンド」,卸B,7587,170394
2025-11,SKU0202,アトルバスタチンOD錠「サンド」,卸C,5099,114516
2025-12,SKU0202,アトルバスタチンOD錠「サンド」,卸A,9030,202802
2025-12,SKU0202,アトルバスタチンOD錠「サンド」,卸B,7326,164525
2025-12,SKU0202,アトルバスタチンOD錠「サンド」,卸C,4961,111417
2026-01,SKU0202,アトルバスタチンOD錠「サンド」,卸A,7720,173382
2026-01,SKU0202,アトルバスタチンOD錠「サンド」,卸B,5984,134386
2026-01,SKU0202,アトルバスタチンOD錠「サンド」,卸C,4411,99068
2026-02,SKU0202,アトルバスタチンOD錠「サンド」,卸A,8416,189017
2026-02,SKU0202,アトルバスタチンOD錠「サンド」,卸B,7059,158521
2026-02,SKU0202,アトルバスタチンOD錠「サンド」,卸C,4621,103768
2026-03,SKU0202,アトルバスタチンOD錠「サンド」,卸A,12217,274371
2026-03,SKU0202,アトルバスタチンOD錠「サンド」,卸B,10275,230753
2026-03,SKU0202,アトルバスタチンOD錠「サンド」,卸C,7547,169497
2026-04,SKU0202,アトルバスタチンOD錠「サンド」,卸A,6282,132625
2026-04,SKU0202,アトルバスタチンOD錠「サンド」,卸B,5185,109458
2026-04,SKU0202,アトルバスタチンOD錠「サンド」,卸C,3312,69908
2026-05,SKU0202,アトルバスタチンOD錠「サンド」,卸A,5400,114001
2026-05,SKU0202,アトルバスタチンOD錠「サンド」,卸B,5380,113568
2026-05,SKU0202,アトルバスタチンOD錠「サンド」,卸C,3316,69995
2023-01,SKU0301,フィルグラスチムBS注「サンド」,卸A,3,17179
2023-01,SKU0301,フィルグラスチムBS注「サンド」,卸B,3,17650
2023-01,SKU0301,フィルグラスチムBS注「サンド」,卸C,2,12232
2023-02,SKU0301,フィルグラスチムBS注「サンド」,卸A,3,17837
2023-02,SKU0301,フィルグラスチムBS注「サンド」,卸B,3,16825
2023-02,SKU0301,フィルグラスチムBS注「サンド」,卸C,2,11528
2023-03,SKU0301,フィルグラスチムBS注「サンド」,卸A,5,30331
2023-03,SKU0301,フィルグラスチムBS注「サンド」,卸B,5,29341
2023-03,SKU0301,フィルグラスチムBS注「サンド」,卸C,3,17348
2023-04,SKU0301,フィルグラスチムBS注「サンド」,卸A,5,30832
2023-04,SKU0301,フィルグラスチムBS注「サンド」,卸B,5,27325
2023-04,SKU0301,フィルグラスチムBS注「サンド」,卸C,3,19412
2023-05,SKU0301,フィルグラスチムBS注「サンド」,卸A,7,38989
2023-05,SKU0301,フィルグラスチムBS注「サンド」,卸B,7,40615
2023-05,SKU0301,フィルグラスチムBS注「サンド」,卸C,4,25695
2023-06,SKU0301,フィルグラスチムBS注「サンド」,卸A,10,55934
2023-06,SKU0301,フィルグラスチムBS注「サンド」,卸B,11,61424
2023-06,SKU0301,フィルグラスチムBS注「サンド」,卸C,6,35193
2023-07,SKU0301,フィルグラスチムBS注「サンド」,卸A,11,65406
2023-07,SKU0301,フィルグラスチムBS注「サンド」,卸B,13,72677
2023-07,SKU0301,フィルグラスチムBS注「サンド」,卸C,8,45324
2023-08,SKU0301,フィルグラスチムBS注「サンド」,卸A,14,82740
2023-08,SKU0301,フィルグラスチムBS注「サンド」,卸B,12,71057
2023-08,SKU0301,フィルグラスチムBS注「サンド」,卸C,8,45309
2023-09,SKU0301,フィルグラスチムBS注「サンド」,卸A,15,89296
2023-09,SKU0301,フィルグラスチムBS注「サンド」,卸B,15,84380
2023-09,SKU0301,フィルグラスチムBS注「サンド」,卸C,10,58725
2023-10,SKU0301,フィルグラスチムBS注「サンド」,卸A,18,103399
2023-10,SKU0301,フィルグラスチムBS注「サンド」,卸B,18,105132
2023-10,SKU0301,フィルグラスチムBS注「サンド」,卸C,11,65563
2023-11,SKU0301,フィルグラスチムBS注「サンド」,卸A,28,159690
2023-11,SKU0301,フィルグラスチムBS注「サンド」,卸B,26,151012
2023-11,SKU0301,フィルグラスチムBS注「サンド」,卸C,18,101540
2023-12,SKU0301,フィルグラスチムBS注「サンド」,卸A,27,154429
2023-12,SKU0301,フィルグラスチムBS注「サンド」,卸B,27,155477
2023-12,SKU0301,フィルグラスチムBS注「サンド」,卸C,16,94206
2024-01,SKU0301,フィルグラスチムBS注「サンド」,卸A,35,202580
2024-01,SKU0301,フィルグラスチムBS注「サンド」,卸B,33,190870
2024-01,SKU0301,フィルグラスチムBS注「サンド」,卸C,23,135030
2024-02,SKU0301,フィルグラスチムBS注「サンド」,卸A,41,235677
2024-02,SKU0301,フィルグラスチムBS注「サンド」,卸B,35,204854
2024-02,SKU0301,フィルグラスチムBS注「サンド」,卸C,23,132368
2024-03,SKU0301,フィルグラスチムBS注「サンド」,卸A,78,450453
2024-03,SKU0301,フィルグラスチムBS注「サンド」,卸B,62,358642
2024-03,SKU0301,フィルグラスチムBS注「サンド」,卸C,48,276903
2024-04,SKU0301,フィルグラスチムBS注「サンド」,卸A,36,199883
2024-04,SKU0301,フィルグラスチムBS注「サンド」,卸B,32,174288
2024-04,SKU0301,フィルグラスチムBS注「サンド」,卸C,22,123299
2024-05,SKU0301,フィルグラスチムBS注「サンド」,卸A,44,240140
2024-05,SKU0301,フィルグラスチムBS注「サンド」,卸B,38,210610
2024-05,SKU0301,フィルグラスチムBS注「サンド」,卸C,26,141521
2024-06,SKU0301,フィルグラスチムBS注「サンド」,卸A,64,352037
2024-06,SKU0301,フィルグラスチムBS注「サンド」,卸B,58,318008
2024-06,SKU0301,フィルグラスチムBS注「サンド」,卸C,39,214671
2024-07,SKU0301,フィルグラスチムBS注「サンド」,卸A,84,462867
2024-07,SKU0301,フィルグラスチムBS注「サンド」,卸B,75,413423
2024-07,SKU0301,フィルグラスチムBS注「サンド」,卸C,56,306255
2024-08,SKU0301,フィルグラスチムBS注「サンド」,卸A,84,463099
2024-08,SKU0301,フィルグラスチムBS注「サンド」,卸B,77,421018
2024-08,SKU0301,フィルグラスチムBS注「サンド」,卸C,53,290158
2024-09,SKU0301,フィルグラスチムBS注「サンド」,卸A,117,640168
2024-09,SKU0301,フィルグラスチムBS注「サンド」,卸B,93,507551
2024-09,SKU0301,フィルグラスチムBS注「サンド」,卸C,60,329807
2024-10,SKU0301,フィルグラスチムBS注「サンド」,卸A,116,634339
2024-10,SKU0301,フィルグラスチムBS注「サンド」,卸B,106,579363
2024-10,SKU0301,フィルグラスチムBS注「サンド」,卸C,73,398672
2024-11,SKU0301,フィルグラスチムBS注「サンド」,卸A,133,727868
2024-11,SKU0301,フィルグラスチムBS注「サンド」,卸B,118,644482
2024-11,SKU0301,フィルグラスチムBS注「サンド」,卸C,80,440396
2024-12,SKU0301,フィルグラスチムBS注「サンド」,卸A,141,773267
2024-12,SKU0301,フィルグラスチムBS注「サンド」,卸B,129,705537
2024-12,SKU0301,フィルグラスチムBS注「サンド」,卸C,99,544044
2025-01,SKU0301,フィルグラスチムBS注「サンド」,卸A,165,902425
2025-01,SKU0301,フィルグラスチムBS注「サンド」,卸B,147,804173
2025-01,SKU0301,フィルグラスチムBS注「サンド」,卸C,97,530476
2025-02,SKU0301,フィルグラスチムBS注「サンド」,卸A,175,957628
2025-02,SKU0301,フィルグラスチムBS注「サンド」,卸B,146,799227
2025-02,SKU0301,フィルグラスチムBS注「サンド」,卸C,101,555795
2025-03,SKU0301,フィルグラスチムBS注「サンド」,卸A,320,1752797
2025-03,SKU0301,フィルグラスチムBS注「サンド」,卸B,228,1250537
2025-03,SKU0301,フィルグラスチムBS注「サンド」,卸C,189,1034337
2025-04,SKU0301,フィルグラスチムBS注「サンド」,卸A,132,703440
2025-04,SKU0301,フィルグラスチムBS注「サンド」,卸B,102,542584
2025-04,SKU0301,フィルグラスチムBS注「サンド」,卸C,67,354577
2025-05,SKU0301,フィルグラスチムBS注「サンド」,卸A,122,649538
2025-05,SKU0301,フィルグラスチムBS注「サンド」,卸B,112,596565
2025-05,SKU0301,フィルグラスチムBS注「サンド」,卸C,81,430747
2025-06,SKU0301,フィルグラスチムBS注「サンド」,卸A,227,1206875
2025-06,SKU0301,フィルグラスチムBS注「サンド」,卸B,208,1104626
2025-06,SKU0301,フィルグラスチムBS注「サンド」,卸C,131,695115
2025-07,SKU0301,フィルグラスチムBS注「サンド」,卸A,244,1295098
2025-07,SKU0301,フィルグラスチムBS注「サンド」,卸B,204,1084061
2025-07,SKU0301,フィルグラスチムBS注「サンド」,卸C,140,746815
2025-08,SKU0301,フィルグラスチムBS注「サンド」,卸A,252,1342204
2025-08,SKU0301,フィルグラスチムBS注「サンド」,卸B,213,1132857
2025-08,SKU0301,フィルグラスチムBS注「サンド」,卸C,164,872237
2025-09,SKU0301,フィルグラスチムBS注「サンド」,卸A,271,1440302
2025-09,SKU0301,フィルグラスチムBS注「サンド」,卸B,218,1158315
2025-09,SKU0301,フィルグラスチムBS注「サンド」,卸C,164,871388
2025-10,SKU0301,フィルグラスチムBS注「サンド」,卸A,286,1523136
2025-10,SKU0301,フィルグラスチムBS注「サンド」,卸B,270,1437799
2025-10,SKU0301,フィルグラスチムBS注「サンド」,卸C,171,906701
2025-11,SKU0301,フィルグラスチムBS注「サンド」,卸A,282,1501459
2025-11,SKU0301,フィルグラスチムBS注「サンド」,卸B,208,1104611
2025-11,SKU0301,フィルグラスチムBS注「サンド」,卸C,176,934243
2025-12,SKU0301,フィルグラスチムBS注「サンド」,卸A,361,1920628
2025-12,SKU0301,フィルグラスチムBS注「サンド」,卸B,278,1475645
2025-12,SKU0301,フィルグラスチムBS注「サンド」,卸C,183,975259
2026-01,SKU0301,フィルグラスチムBS注「サンド」,卸A,294,1561366
2026-01,SKU0301,フィルグラスチムBS注「サンド」,卸B,289,1536208
2026-01,SKU0301,フィルグラスチムBS注「サンド」,卸C,201,1067182
2026-02,SKU0301,フィルグラスチムBS注「サンド」,卸A,280,1487887
2026-02,SKU0301,フィルグラスチムBS注「サンド」,卸B,270,1437743
2026-02,SKU0301,フィルグラスチムBS注「サンド」,卸C,199,1056846
2026-03,SKU0301,フィルグラスチムBS注「サンド」,卸A,385,2048667
2026-03,SKU0301,フィルグラスチムBS注「サンド」,卸B,407,2165741
2026-03,SKU0301,フィルグラスチムBS注「サンド」,卸C,262,1390846
2026-04,SKU0301,フィルグラスチムBS注「サンド」,卸A,259,1294372
2026-04,SKU0301,フィルグラスチムBS注「サンド」,卸B,200,1001466
2026-04,SKU0301,フィルグラスチムBS注「サンド」,卸C,138,689506
2026-05,SKU0301,フィルグラスチムBS注「サンド」,卸A,283,1412824
2026-05,SKU0301,フィルグラスチムBS注「サンド」,卸B,252,1258994
2026-05,SKU0301,フィルグラスチムBS注「サンド」,卸C,154,771789
2023-01,SKU0302,フィルグラスチムBS注「サンド」,卸A,5,55672
2023-01,SKU0302,フィルグラスチムBS注「サンド」,卸B,5,49739
2023-01,SKU0302,フィルグラスチムBS注「サンド」,卸C,4,39712
2023-02,SKU0302,フィルグラスチムBS注「サンド」,卸A,7,67024
2023-02,SKU0302,フィルグラスチムBS注「サンド」,卸B,5,51079
2023-02,SKU0302,フィルグラスチムBS注「サンド」,卸C,3,35460
2023-03,SKU0302,フィルグラスチムBS注「サンド」,卸A,9,88670
2023-03,SKU0302,フィルグラスチムBS注「サンド」,卸B,9,87319
2023-03,SKU0302,フィルグラスチムBS注「サンド」,卸C,6,62354
2023-04,SKU0302,フィルグラスチムBS注「サンド」,卸A,10,102190
2023-04,SKU0302,フィルグラスチムBS注「サンド」,卸B,8,84822
2023-04,SKU0302,フィルグラスチムBS注「サンド」,卸C,6,60274
2023-05,SKU0302,フィルグラスチムBS注「サンド」,卸A,12,126104
2023-05,SKU0302,フィルグラスチムBS注「サンド」,卸B,12,126672
2023-05,SKU0302,フィルグラスチムBS注「サンド」,卸C,8,84373
2023-06,SKU0302,フィルグラスチムBS注「サンド」,卸A,17,173277
2023-06,SKU0302,フィルグラスチムBS注「サンド」,卸B,14,141907
2023-06,SKU0302,フィルグラスチムBS注「サンド」,卸C,11,112589
2023-07,SKU0302,フィルグラスチムBS注「サンド」,卸A,23,229812
2023-07,SKU0302,フィルグラスチムBS注「サンド」,卸B,21,210035
2023-07,SKU0302,フィルグラスチムBS注「サンド」,卸C,14,142769
2023-08,SKU0302,フィルグラスチムBS注「サンド」,卸A,21,212687
2023-08,SKU0302,フィルグラスチムBS注「サンド」,卸B,21,213014
2023-08,SKU0302,フィルグラスチムBS注「サンド」,卸C,13,137426
2023-09,SKU0302,フィルグラスチムBS注「サンド」,卸A,27,272012
2023-09,SKU0302,フィルグラスチムBS注「サンド」,卸B,22,221552
2023-09,SKU0302,フィルグラスチムBS注「サンド」,卸C,14,145240
2023-10,SKU0302,フィルグラスチムBS注「サンド」,卸A,30,302283
2023-10,SKU0302,フィルグラスチムBS注「サンド」,卸B,28,284178
2023-10,SKU0302,フィルグラスチムBS注「サンド」,卸C,20,201038
2023-11,SKU0302,フィルグラスチムBS注「サンド」,卸A,41,413144
2023-11,SKU0302,フィルグラスチムBS注「サンド」,卸B,37,375055
2023-11,SKU0302,フィルグラスチムBS注「サンド」,卸C,25,257236
2023-12,SKU0302,フィルグラスチムBS注「サンド」,卸A,36,370246
2023-12,SKU0302,フィルグラスチムBS注「サンド」,卸B,36,369193
2023-12,SKU0302,フィルグラスチムBS注「サンド」,卸C,23,238234
2024-01,SKU0302,フィルグラスチムBS注「サンド」,卸A,52,526825
2024-01,SKU0302,フィルグラスチムBS注「サンド」,卸B,44,452116
2024-01,SKU0302,フィルグラスチムBS注「サンド」,卸C,31,311550
2024-02,SKU0302,フィルグラスチムBS注「サンド」,卸A,58,586710
2024-02,SKU0302,フィルグラスチムBS注「サンド」,卸B,48,492663
2024-02,SKU0302,フィルグラスチムBS注「サンド」,卸C,36,367345
2024-03,SKU0302,フィルグラスチムBS注「サンド」,卸A,102,1039239
2024-03,SKU0302,フィルグラスチムBS注「サンド」,卸B,87,889044
2024-03,SKU0302,フィルグラスチムBS注「サンド」,卸C,64,650581
2024-04,SKU0302,フィルグラスチムBS注「サンド」,卸A,46,443269
2024-04,SKU0302,フィルグラスチムBS注「サンド」,卸B,43,414347
2024-04,SKU0302,フィルグラスチムBS注「サンド」,卸C,31,295759
2024-05,SKU0302,フィルグラスチムBS注「サンド」,卸A,65,630979
2024-05,SKU0302,フィルグラスチムBS注「サンド」,卸B,52,501204
2024-05,SKU0302,フィルグラスチムBS注「サンド」,卸C,34,327714
2024-06,SKU0302,フィルグラスチムBS注「サンド」,卸A,82,790880
2024-06,SKU0302,フィルグラスチムBS注「サンド」,卸B,76,728027
2024-06,SKU0302,フィルグラスチムBS注「サンド」,卸C,51,490770
2024-07,SKU0302,フィルグラスチムBS注「サンド」,卸A,117,1125458
2024-07,SKU0302,フィルグラスチムBS注「サンド」,卸B,109,1048339
2024-07,SKU0302,フィルグラスチムBS注「サンド」,卸C,65,631238
2024-08,SKU0302,フィルグラスチムBS注「サンド」,卸A,114,1100892
2024-08,SKU0302,フィルグラスチムBS注「サンド」,卸B,102,983354
2024-08,SKU0302,フィルグラスチムBS注「サンド」,卸C,69,668765
2024-09,SKU0302,フィルグラスチムBS注「サンド」,卸A,118,1137817
2024-09,SKU0302,フィルグラスチムBS注「サンド」,卸B,108,1045065
2024-09,SKU0302,フィルグラスチムBS注「サンド」,卸C,66,640699
2024-10,SKU0302,フィルグラスチムBS注「サンド」,卸A,140,1352884
2024-10,SKU0302,フィルグラスチムBS注「サンド」,卸B,116,1115358
2024-10,SKU0302,フィルグラスチムBS注「サンド」,卸C,83,798254
2024-11,SKU0302,フィルグラスチムBS注「サンド」,卸A,151,1453562
2024-11,SKU0302,フィルグラスチムBS注「サンド」,卸B,120,1156084
2024-11,SKU0302,フィルグラスチムBS注「サンド」,卸C,94,904278
2024-12,SKU0302,フィルグラスチムBS注「サンド」,卸A,179,1720767
2024-12,SKU0302,フィルグラスチムBS注「サンド」,卸B,156,1502724
2024-12,SKU0302,フィルグラスチムBS注「サンド」,卸C,107,1030010
2025-01,SKU0302,フィルグラスチムBS注「サンド」,卸A,178,1711769
2025-01,SKU0302,フィルグラスチムBS注「サンド」,卸B,172,1661852
2025-01,SKU0302,フィルグラスチムBS注「サンド」,卸C,98,942097
2025-02,SKU0302,フィルグラスチムBS注「サンド」,卸A,209,2012817
2025-02,SKU0302,フィルグラスチムBS注「サンド」,卸B,171,1647217
2025-02,SKU0302,フィルグラスチムBS注「サンド」,卸C,120,1153843
2025-03,SKU0302,フィルグラスチムBS注「サンド」,卸A,282,2720053
2025-03,SKU0302,フィルグラスチムBS注「サンド」,卸B,295,2845824
2025-03,SKU0302,フィルグラスチムBS注「サンド」,卸C,206,1984412
2025-04,SKU0302,フィルグラスチムBS注「サンド」,卸A,143,1336651
2025-04,SKU0302,フィルグラスチムBS注「サンド」,卸B,117,1093603
2025-04,SKU0302,フィルグラスチムBS注「サンド」,卸C,74,692925
2025-05,SKU0302,フィルグラスチムBS注「サンド」,卸A,146,1363156
2025-05,SKU0302,フィルグラスチムBS注「サンド」,卸B,134,1250579
2025-05,SKU0302,フィルグラスチムBS注「サンド」,卸C,89,829941
2025-06,SKU0302,フィルグラスチムBS注「サンド」,卸A,223,2086361
2025-06,SKU0302,フィルグラスチムBS注「サンド」,卸B,193,1799940
2025-06,SKU0302,フィルグラスチムBS注「サンド」,卸C,130,1219204
2025-07,SKU0302,フィルグラスチムBS注「サンド」,卸A,230,2151573
2025-07,SKU0302,フィルグラスチムBS注「サンド」,卸B,195,1820017
2025-07,SKU0302,フィルグラスチムBS注「サンド」,卸C,157,1471501
2025-08,SKU0302,フィルグラスチムBS注「サンド」,卸A,288,2695667
2025-08,SKU0302,フィルグラスチムBS注「サンド」,卸B,261,2440226
2025-08,SKU0302,フィルグラスチムBS注「サンド」,卸C,155,1446347
2025-09,SKU0302,フィルグラスチムBS注「サンド」,卸A,260,2428499
2025-09,SKU0302,フィルグラスチムBS注「サンド」,卸B,237,2212782
2025-09,SKU0302,フィルグラスチムBS注「サンド」,卸C,169,1575520
2025-10,SKU0302,フィルグラスチムBS注「サンド」,卸A,264,2469371
2025-10,SKU0302,フィルグラスチムBS注「サンド」,卸B,246,2297477
2025-10,SKU0302,フィルグラスチムBS注「サンド」,卸C,154,1440030
2025-11,SKU0302,フィルグラスチムBS注「サンド」,卸A,265,2480815
2025-11,SKU0302,フィルグラスチムBS注「サンド」,卸B,196,1834821
2025-11,SKU0302,フィルグラスチムBS注「サンド」,卸C,149,1397085
2025-12,SKU0302,フィルグラスチムBS注「サンド」,卸A,298,2783175
2025-12,SKU0302,フィルグラスチムBS注「サンド」,卸B,248,2319462
2025-12,SKU0302,フィルグラスチムBS注「サンド」,卸C,158,1477577
2026-01,SKU0302,フィルグラスチムBS注「サンド」,卸A,257,2402004
2026-01,SKU0302,フィルグラスチムBS注「サンド」,卸B,272,2541401
2026-01,SKU0302,フィルグラスチムBS注「サンド」,卸C,177,1656027
2026-02,SKU0302,フィルグラスチムBS注「サンド」,卸A,246,2296315
2026-02,SKU0302,フィルグラスチムBS注「サンド」,卸B,242,2265663
2026-02,SKU0302,フィルグラスチムBS注「サンド」,卸C,164,1530607
2026-03,SKU0302,フィルグラスチムBS注「サンド」,卸A,348,3258367
2026-03,SKU0302,フィルグラスチムBS注「サンド」,卸B,348,3256133
2026-03,SKU0302,フィルグラスチムBS注「サンド」,卸C,225,2106273
2026-04,SKU0302,フィルグラスチムBS注「サンド」,卸A,177,1553056
2026-04,SKU0302,フィルグラスチムBS注「サンド」,卸B,156,1369410
2026-04,SKU0302,フィルグラスチムBS注「サンド」,卸C,104,910048
2026-05,SKU0302,フィルグラスチムBS注「サンド」,卸A,201,1766694
2026-05,SKU0302,フィルグラスチムBS注「サンド」,卸B,198,1743087
2026-05,SKU0302,フィルグラスチムBS注「サンド」,卸C,120,1053199
2023-01,SKU0401,インフリキシマブBS点滴静注用「サンド」,卸A,1,46838
2023-01,SKU0401,インフリキシマブBS点滴静注用「サンド」,卸B,1,42233
2023-01,SKU0401,インフリキシマブBS点滴静注用「サンド」,卸C,1,28739
2023-02,SKU0401,インフリキシマブBS点滴静注用「サンド」,卸A,4,154068
2023-02,SKU0401,インフリキシマブBS点滴静注用「サンド」,卸B,4,141853
2023-02,SKU0401,インフリキシマブBS点滴静注用「サンド」,卸C,3,93604
2023-03,SKU0401,インフリキシマブBS点滴静注用「サンド」,卸A,4,133690
2023-03,SKU0401,インフリキシマブBS点滴静注用「サンド」,卸B,3,116086
2023-03,SKU0401,インフリキシマブBS点滴静注用「サンド」,卸C,2,85546
2023-04,SKU0401,インフリキシマブBS点滴静注用「サンド」,卸A,5,186097
2023-04,SKU0401,インフリキシマブBS点滴静注用「サンド」,卸B,5,188371
2023-04,SKU0401,インフリキシマブBS点滴静注用「サンド」,卸C,3,117998
2023-05,SKU0401,インフリキシマブBS点滴静注用「サンド」,卸A,5,191767
2023-05,SKU0401,インフリキシマブBS点滴静注用「サンド」,卸B,5,197179
2023-05,SKU0401,インフリキシマブBS点滴静注用「サンド」,卸C,4,130393
2023-06,SKU0401,インフリキシマブBS点滴静注用「サンド」,卸A,8,297976
2023-06,SKU0401,インフリキシマブBS点滴静注用「サンド」,卸B,8,294411
2023-06,SKU0401,インフリキシマブBS点滴静注用「サンド」,卸C,5,187894
2023-07,SKU0401,インフリキシマブBS点滴静注用「サンド」,卸A,8,272043
2023-07,SKU0401,インフリキシマブBS点滴静注用「サンド」,卸B,7,259871
2023-07,SKU0401,インフリキシマブBS点滴静注用「サンド」,卸C,4,158255
2023-08,SKU0401,インフリキシマブBS点滴静注用「サンド」,卸A,10,357440
2023-08,SKU0401,インフリキシマブBS点滴静注用「サンド」,卸B,9,325164
2023-08,SKU0401,インフリキシマブBS点滴静注用「サンド」,卸C,6,222306
2023-09,SKU0401,インフリキシマブBS点滴静注用「サンド」,卸A,9,322138
2023-09,SKU0401,インフリキシマブBS点滴静注用「サンド」,卸B,9,331942
2023-09,SKU0401,インフリキシマブBS点滴静注用「サンド」,卸C,6,223873
2023-10,SKU0401,インフリキシマブBS点滴静注用「サンド」,卸A,12,428328
2023-10,SKU0401,インフリキシマブBS点滴静注用「サンド」,卸B,11,385603
2023-10,SKU0401,インフリキシマブBS点滴静注用「サンド」,卸C,8,273829
2023-11,SKU0401,インフリキシマブBS点滴静注用「サンド」,卸A,14,493303
2023-11,SKU0401,インフリキシマブBS点滴静注用「サンド」,卸B,12,438860
2023-11,SKU0401,インフリキシマブBS点滴静注用「サンド」,卸C,9,341604
2023-12,SKU0401,インフリキシマブBS点滴静注用「サンド」,卸A,19,690377
2023-12,SKU0401,インフリキシマブBS点滴静注用「サンド」,卸B,15,545251
2023-12,SKU0401,インフリキシマブBS点滴静注用「サンド」,卸C,11,392397
2024-01,SKU0401,インフリキシマブBS点滴静注用「サンド」,卸A,20,706889
2024-01,SKU0401,インフリキシマブBS点滴静注用「サンド」,卸B,17,596467
2024-01,SKU0401,インフリキシマブBS点滴静注用「サンド」,卸C,10,360002
2024-02,SKU0401,インフリキシマブBS点滴静注用「サンド」,卸A,22,786332
2024-02,SKU0401,インフリキシマブBS点滴静注用「サンド」,卸B,20,714827
2024-02,SKU0401,インフリキシマブBS点滴静注用「サンド」,卸C,16,564223
2024-03,SKU0401,インフリキシマブBS点滴静注用「サンド」,卸A,30,1084297
2024-03,SKU0401,インフリキシマブBS点滴静注用「サンド」,卸B,26,943325
2024-03,SKU0401,インフリキシマブBS点滴静注用「サンド」,卸C,17,622409
2024-04,SKU0401,インフリキシマブBS点滴静注用「サンド」,卸A,16,549265
2024-04,SKU0401,インフリキシマブBS点滴静注用「サンド」,卸B,15,525852
2024-04,SKU0401,インフリキシマブBS点滴静注用「サンド」,卸C,10,355762
2024-05,SKU0401,インフリキシマブBS点滴静注用「サンド」,卸A,22,753130
2024-05,SKU0401,インフリキシマブBS点滴静注用「サンド」,卸B,20,674510
2024-05,SKU0401,インフリキシマブBS点滴静注用「サンド」,卸C,13,444165
2024-06,SKU0401,インフリキシマブBS点滴静注用「サンド」,卸A,50,1686845
2024-06,SKU0401,インフリキシマブBS点滴静注用「サンド」,卸B,43,1447336
2024-06,SKU0401,インフリキシマブBS点滴静注用「サンド」,卸C,30,1034691
2024-07,SKU0401,インフリキシマブBS点滴静注用「サンド」,卸A,49,1683920
2024-07,SKU0401,インフリキシマブBS点滴静注用「サンド」,卸B,39,1330966
2024-07,SKU0401,インフリキシマブBS点滴静注用「サンド」,卸C,28,968425
2024-08,SKU0401,インフリキシマブBS点滴静注用「サンド」,卸A,51,1724891
2024-08,SKU0401,インフリキシマブBS点滴静注用「サンド」,卸B,49,1669152
2024-08,SKU0401,インフリキシマブBS点滴静注用「サンド」,卸C,29,993898
2024-09,SKU0401,インフリキシマブBS点滴静注用「サンド」,卸A,56,1905501
2024-09,SKU0401,インフリキシマブBS点滴静注用「サンド」,卸B,42,1436771
2024-09,SKU0401,インフリキシマブBS点滴静注用「サンド」,卸C,32,1101140
2024-10,SKU0401,インフリキシマブBS点滴静注用「サンド」,卸A,61,2072374
2024-10,SKU0401,インフリキシマブBS点滴静注用「サンド」,卸B,53,1799306
2024-10,SKU0401,インフリキシマブBS点滴静注用「サンド」,卸C,33,1136034
2024-11,SKU0401,インフリキシマブBS点滴静注用「サンド」,卸A,67,2269913
2024-11,SKU0401,インフリキシマブBS点滴静注用「サンド」,卸B,54,1830230
2024-11,SKU0401,インフリキシマブBS点滴静注用「サンド」,卸C,40,1347120
2024-12,SKU0401,インフリキシマブBS点滴静注用「サンド」,卸A,74,2504097
2024-12,SKU0401,インフリキシマブBS点滴静注用「サンド」,卸B,57,1928874
2024-12,SKU0401,インフリキシマブBS点滴静注用「サンド」,卸C,45,1516473
2025-01,SKU0401,インフリキシマブBS点滴静注用「サンド」,卸A,79,2681636
2025-01,SKU0401,インフリキシマブBS点滴静注用「サンド」,卸B,59,1999204
2025-01,SKU0401,インフリキシマブBS点滴静注用「サンド」,卸C,43,1478417
2025-02,SKU0401,インフリキシマブBS点滴静注用「サンド」,卸A,73,2476758
2025-02,SKU0401,インフリキシマブBS点滴静注用「サンド」,卸B,68,2312096
2025-02,SKU0401,インフリキシマブBS点滴静注用「サンド」,卸C,44,1511485
2025-03,SKU0401,インフリキシマブBS点滴静注用「サンド」,卸A,118,4000528
2025-03,SKU0401,インフリキシマブBS点滴静注用「サンド」,卸B,116,3959228
2025-03,SKU0401,インフリキシマブBS点滴静注用「サンド」,卸C,80,2721975
2025-04,SKU0401,インフリキシマブBS点滴静注用「サンド」,卸A,60,1992551
2025-04,SKU0401,インフリキシマブBS点滴静注用「サンド」,卸B,58,1924746
2025-04,SKU0401,インフリキシマブBS点滴静注用「サンド」,卸C,39,1288783
2025-05,SKU0401,インフリキシマブBS点滴静注用「サンド」,卸A,72,2388820
2025-05,SKU0401,インフリキシマブBS点滴静注用「サンド」,卸B,66,2190967
2025-05,SKU0401,インフリキシマブBS点滴静注用「サンド」,卸C,40,1326907
2025-06,SKU0401,インフリキシマブBS点滴静注用「サンド」,卸A,111,3661458
2025-06,SKU0401,インフリキシマブBS点滴静注用「サンド」,卸B,105,3453533
2025-06,SKU0401,インフリキシマブBS点滴静注用「サンド」,卸C,74,2430780
2025-07,SKU0401,インフリキシマブBS点滴静注用「サンド」,卸A,112,3707494
2025-07,SKU0401,インフリキシマブBS点滴静注用「サンド」,卸B,108,3564588
2025-07,SKU0401,インフリキシマブBS点滴静注用「サンド」,卸C,74,2438363
2025-08,SKU0401,インフリキシマブBS点滴静注用「サンド」,卸A,141,4640637
2025-08,SKU0401,インフリキシマブBS点滴静注用「サンド」,卸B,120,3945765
2025-08,SKU0401,インフリキシマブBS点滴静注用「サンド」,卸C,76,2499373
2025-09,SKU0401,インフリキシマブBS点滴静注用「サンド」,卸A,130,4300111
2025-09,SKU0401,インフリキシマブBS点滴静注用「サンド」,卸B,122,4010525
2025-09,SKU0401,インフリキシマブBS点滴静注用「サンド」,卸C,94,3110221
2025-10,SKU0401,インフリキシマブBS点滴静注用「サンド」,卸A,142,4682231
2025-10,SKU0401,インフリキシマブBS点滴静注用「サンド」,卸B,120,3949736
2025-10,SKU0401,インフリキシマブBS点滴静注用「サンド」,卸C,95,3124027
2025-11,SKU0401,インフリキシマブBS点滴静注用「サンド」,卸A,166,5491852
2025-11,SKU0401,インフリキシマブBS点滴静注用「サンド」,卸B,127,4204718
2025-11,SKU0401,インフリキシマブBS点滴静注用「サンド」,卸C,109,3590744
2025-12,SKU0401,インフリキシマブBS点滴静注用「サンド」,卸A,136,4481646
2025-12,SKU0401,インフリキシマブBS点滴静注用「サンド」,卸B,97,3209673
2025-12,SKU0401,インフリキシマブBS点滴静注用「サンド」,卸C,79,2608399
2026-01,SKU0401,インフリキシマブBS点滴静注用「サンド」,卸A,161,5298122
2026-01,SKU0401,インフリキシマブBS点滴静注用「サンド」,卸B,157,5166907
2026-01,SKU0401,インフリキシマブBS点滴静注用「サンド」,卸C,107,3537972
2026-02,SKU0401,インフリキシマブBS点滴静注用「サンド」,卸A,171,5639320
2026-02,SKU0401,インフリキシマブBS点滴静注用「サンド」,卸B,151,4997692
2026-02,SKU0401,インフリキシマブBS点滴静注用「サンド」,卸C,117,3856154
2026-03,SKU0401,インフリキシマブBS点滴静注用「サンド」,卸A,278,9179523
2026-03,SKU0401,インフリキシマブBS点滴静注用「サンド」,卸B,265,8753192
2026-03,SKU0401,インフリキシマブBS点滴静注用「サンド」,卸C,160,5294032
2026-04,SKU0401,インフリキシマブBS点滴静注用「サンド」,卸A,120,3713319
2026-04,SKU0401,インフリキシマブBS点滴静注用「サンド」,卸B,104,3241297
2026-04,SKU0401,インフリキシマブBS点滴静注用「サンド」,卸C,71,2199175
2026-05,SKU0401,インフリキシマブBS点滴静注用「サンド」,卸A,146,4539202
2026-05,SKU0401,インフリキシマブBS点滴静注用「サンド」,卸B,130,4027429
2026-05,SKU0401,インフリキシマブBS点滴静注用「サンド」,卸C,80,2472342
