period,therapeutic_area,ingredient_name,manufacturer_type,product_name,formulation,sales_units,unit_price_jpy,sales_amount_jpy,generic_biosimilar_penetration_rate
2023-01,代謝・内分泌領域,メトホルミン塩酸塩,オリジナル,メトグルコ（オリジナル）,錠,124593,13.0,1614720,0.7936
2023-01,代謝・内分泌領域,メトホルミン塩酸塩,自社,メトグルコGE「サンド」（自社合計）,錠,65873,9.6,632385,0.7936
2023-01,代謝・内分泌領域,メトホルミン塩酸塩,競合A,競合A社製品,錠,238914,9.2,2204075,0.7936
2023-01,代謝・内分泌領域,メトホルミン塩酸塩,競合B,競合B社製品,錠,174277,9.3,1629485,0.7936
2023-02,代謝・内分泌領域,メトホルミン塩酸塩,オリジナル,メトグルコ（オリジナル）,錠,116400,13.0,1508543,0.8067
2023-02,代謝・内分泌領域,メトホルミン塩酸塩,自社,メトグルコGE「サンド」（自社合計）,錠,63452,9.6,609141,0.8067
2023-02,代謝・内分泌領域,メトホルミン塩酸塩,競合A,競合A社製品,錠,221447,9.8,2163285,0.8067
2023-02,代謝・内分泌領域,メトホルミン塩酸塩,競合B,競合B社製品,錠,200833,9.7,1957987,0.8067
2023-03,代謝・内分泌領域,メトホルミン塩酸塩,オリジナル,メトグルコ（オリジナル）,錠,112810,13.0,1462016,0.8265
2023-03,代謝・内分泌領域,メトホルミン塩酸塩,自社,メトグルコGE「サンド」（自社合計）,錠,73226,9.6,702966,0.8265
2023-03,代謝・内分泌領域,メトホルミン塩酸塩,競合A,競合A社製品,錠,243297,9.7,2352878,0.8265
2023-03,代謝・内分泌領域,メトホルミン塩酸塩,競合B,競合B社製品,錠,220814,9.4,2079165,0.8265
2023-04,代謝・内分泌領域,メトホルミン塩酸塩,オリジナル,メトグルコ（オリジナル）,錠,104930,13.0,1359898,0.8196
2023-04,代謝・内分泌領域,メトホルミン塩酸塩,自社,メトグルコGE「サンド」（自社合計）,錠,62249,9.6,597591,0.8196
2023-04,代謝・内分泌領域,メトホルミン塩酸塩,競合A,競合A社製品,錠,219543,9.8,2159148,0.8196
2023-04,代謝・内分泌領域,メトホルミン塩酸塩,競合B,競合B社製品,錠,195024,9.6,1866444,0.8196
2023-05,代謝・内分泌領域,メトホルミン塩酸塩,オリジナル,メトグルコ（オリジナル）,錠,106841,13.0,1384665,0.8211
2023-05,代謝・内分泌領域,メトホルミン塩酸塩,自社,メトグルコGE「サンド」（自社合計）,錠,67930,9.6,652129,0.8211
2023-05,代謝・内分泌領域,メトホルミン塩酸塩,競合A,競合A社製品,錠,236984,9.7,2293823,0.8211
2023-05,代謝・内分泌領域,メトホルミン塩酸塩,競合B,競合B社製品,錠,185475,9.7,1795900,0.8211
2023-06,代謝・内分泌領域,メトホルミン塩酸塩,オリジナル,メトグルコ（オリジナル）,錠,110247,13.0,1428804,0.8247
2023-06,代謝・内分泌領域,メトホルミン塩酸塩,自社,メトグルコGE「サンド」（自社合計）,錠,66832,9.6,641588,0.8247
2023-06,代謝・内分泌領域,メトホルミン塩酸塩,競合A,競合A社製品,錠,237428,9.7,2307385,0.8247
2023-06,代謝・内分泌領域,メトホルミン塩酸塩,競合B,競合B社製品,錠,214311,9.8,2103836,0.8247
2023-07,代謝・内分泌領域,メトホルミン塩酸塩,オリジナル,メトグルコ（オリジナル）,錠,105932,13.0,1372883,0.8241
2023-07,代謝・内分泌領域,メトホルミン塩酸塩,自社,メトグルコGE「サンド」（自社合計）,錠,62807,9.6,602947,0.8241
2023-07,代謝・内分泌領域,メトホルミン塩酸塩,競合A,競合A社製品,錠,246871,9.7,2405195,0.8241
2023-07,代謝・内分泌領域,メトホルミン塩酸塩,競合B,競合B社製品,錠,186603,9.7,1810849,0.8241
2023-08,代謝・内分泌領域,メトホルミン塩酸塩,オリジナル,メトグルコ（オリジナル）,錠,96428,13.0,1249712,0.8382
2023-08,代謝・内分泌領域,メトホルミン塩酸塩,自社,メトグルコGE「サンド」（自社合計）,錠,68345,9.6,656112,0.8382
2023-08,代謝・内分泌領域,メトホルミン塩酸塩,競合A,競合A社製品,錠,240086,9.8,2344995,0.8382
2023-08,代謝・内分泌領域,メトホルミン塩酸塩,競合B,競合B社製品,錠,191288,9.6,1844580,0.8382
2023-09,代謝・内分泌領域,メトホルミン塩酸塩,オリジナル,メトグルコ（オリジナル）,錠,98247,13.0,1273276,0.8397
2023-09,代謝・内分泌領域,メトホルミン塩酸塩,自社,メトグルコGE「サンド」（自社合計）,錠,71701,9.6,688329,0.8397
2023-09,代謝・内分泌領域,メトホルミン塩酸塩,競合A,競合A社製品,錠,252071,9.3,2349359,0.8397
2023-09,代謝・内分泌領域,メトホルミン塩酸塩,競合B,競合B社製品,錠,190984,9.5,1821723,0.8397
2023-10,代謝・内分泌領域,メトホルミン塩酸塩,オリジナル,メトグルコ（オリジナル）,錠,98642,13.0,1278395,0.8355
2023-10,代謝・内分泌領域,メトホルミン塩酸塩,自社,メトグルコGE「サンド」（自社合計）,錠,67366,9.6,646715,0.8355
2023-10,代謝・内分泌領域,メトホルミン塩酸塩,競合A,競合A社製品,錠,257979,9.4,2433713,0.8355
2023-10,代謝・内分泌領域,メトホルミン塩酸塩,競合B,競合B社製品,錠,175710,9.8,1719481,0.8355
2023-11,代謝・内分泌領域,メトホルミン塩酸塩,オリジナル,メトグルコ（オリジナル）,錠,93023,13.0,1205572,0.8411
2023-11,代謝・内分泌領域,メトホルミン塩酸塩,自社,メトグルコGE「サンド」（自社合計）,錠,68777,9.6,660260,0.8411
2023-11,代謝・内分泌領域,メトホルミン塩酸塩,競合A,競合A社製品,錠,240542,9.7,2342053,0.8411
2023-11,代謝・内分泌領域,メトホルミン塩酸塩,競合B,競合B社製品,錠,183256,9.8,1787172,0.8411
2023-12,代謝・内分泌領域,メトホルミン塩酸塩,オリジナル,メトグルコ（オリジナル）,錠,95031,13.0,1231602,0.8422
2023-12,代謝・内分泌領域,メトホルミン塩酸塩,自社,メトグルコGE「サンド」（自社合計）,錠,74771,9.6,717801,0.8422
2023-12,代謝・内分泌領域,メトホルミン塩酸塩,競合A,競合A社製品,錠,235428,9.4,2202442,0.8422
2023-12,代謝・内分泌領域,メトホルミン塩酸塩,競合B,競合B社製品,錠,197136,9.4,1849614,0.8422
2024-01,代謝・内分泌領域,メトホルミン塩酸塩,オリジナル,メトグルコ（オリジナル）,錠,87032,13.0,1127938,0.854
2024-01,代謝・内分泌領域,メトホルミン塩酸塩,自社,メトグルコGE「サンド」（自社合計）,錠,71782,9.6,689104,0.854
2024-01,代謝・内分泌領域,メトホルミン塩酸塩,競合A,競合A社製品,錠,249528,9.5,2374999,0.854
2024-01,代謝・内分泌領域,メトホルミン塩酸塩,競合B,競合B社製品,錠,187692,9.6,1807559,0.854
2024-02,代謝・内分泌領域,メトホルミン塩酸塩,オリジナル,メトグルコ（オリジナル）,錠,93622,13.0,1213344,0.8479
2024-02,代謝・内分泌領域,メトホルミン塩酸塩,自社,メトグルコGE「サンド」（自社合計）,錠,75642,9.6,726165,0.8479
2024-02,代謝・内分泌領域,メトホルミン塩酸塩,競合A,競合A社製品,錠,236520,9.5,2254104,0.8479
2024-02,代謝・内分泌領域,メトホルミン塩酸塩,競合B,競合B社製品,錠,209624,9.5,1997029,0.8479
2024-03,代謝・内分泌領域,メトホルミン塩酸塩,オリジナル,メトグルコ（オリジナル）,錠,91325,13.0,1183571,0.8576
2024-03,代謝・内分泌領域,メトホルミン塩酸塩,自社,メトグルコGE「サンド」（自社合計）,錠,75084,9.6,720805,0.8576
2024-03,代謝・内分泌領域,メトホルミン塩酸塩,競合A,競合A社製品,錠,261404,9.7,2533610,0.8576
2024-03,代謝・内分泌領域,メトホルミン塩酸塩,競合B,競合B社製品,錠,213553,9.7,2068414,0.8576
2024-04,代謝・内分泌領域,メトホルミン塩酸塩,オリジナル,メトグルコ（オリジナル）,錠,85965,12.2,1052834,0.8534
2024-04,代謝・内分泌領域,メトホルミン塩酸塩,自社,メトグルコGE「サンド」（自社合計）,錠,68924,9.1,625282,0.8534
2024-04,代謝・内分泌領域,メトホルミン塩酸塩,競合A,競合A社製品,錠,236223,8.8,2070697,0.8534
2024-04,代謝・内分泌領域,メトホルミン塩酸塩,競合B,競合B社製品,錠,195149,8.8,1719155,0.8534
2024-05,代謝・内分泌領域,メトホルミン塩酸塩,オリジナル,メトグルコ（オリジナル）,錠,91490,12.2,1120499,0.8458
2024-05,代謝・内分泌領域,メトホルミン塩酸塩,自社,メトグルコGE「サンド」（自社合計）,錠,73693,9.1,668541,0.8458
2024-05,代謝・内分泌領域,メトホルミン塩酸塩,競合A,競合A社製品,錠,223935,9.0,2016177,0.8458
2024-05,代謝・内分泌領域,メトホルミン塩酸塩,競合B,競合B社製品,錠,204374,9.3,1902258,0.8458
2024-06,代謝・内分泌領域,メトホルミン塩酸塩,オリジナル,メトグルコ（オリジナル）,錠,82083,12.2,1005290,0.8645
2024-06,代謝・内分泌領域,メトホルミン塩酸塩,自社,メトグルコGE「サンド」（自社合計）,錠,70327,9.1,638003,0.8645
2024-06,代謝・内分泌領域,メトホルミン塩酸塩,競合A,競合A社製品,錠,246612,8.9,2194759,0.8645
2024-06,代謝・内分泌領域,メトホルミン塩酸塩,競合B,競合B社製品,錠,206855,9.0,1863866,0.8645
2024-07,代謝・内分泌領域,メトホルミン塩酸塩,オリジナル,メトグルコ（オリジナル）,錠,98705,12.2,1208857,0.8411
2024-07,代謝・内分泌領域,メトホルミン塩酸塩,自社,メトグルコGE「サンド」（自社合計）,錠,77703,9.1,704922,0.8411
2024-07,代謝・内分泌領域,メトホルミン塩酸塩,競合A,競合A社製品,錠,247751,9.0,2220891,0.8411
2024-07,代謝・内分泌領域,メトホルミン塩酸塩,競合B,競合B社製品,錠,196939,8.8,1734960,0.8411
2024-08,代謝・内分泌領域,メトホルミン塩酸塩,オリジナル,メトグルコ（オリジナル）,錠,89305,12.2,1093737,0.8542
2024-08,代謝・内分泌領域,メトホルミン塩酸塩,自社,メトグルコGE「サンド」（自社合計）,錠,77159,9.1,699986,0.8542
2024-08,代謝・内分泌領域,メトホルミン塩酸塩,競合A,競合A社製品,錠,245514,9.4,2298657,0.8542
2024-08,代謝・内分泌領域,メトホルミン塩酸塩,競合B,競合B社製品,錠,200344,9.0,1808818,0.8542
2024-09,代謝・内分泌領域,メトホルミン塩酸塩,オリジナル,メトグルコ（オリジナル）,錠,82593,12.2,1011537,0.8622
2024-09,代謝・内分泌領域,メトホルミン塩酸塩,自社,メトグルコGE「サンド」（自社合計）,錠,76608,9.1,694992,0.8622
2024-09,代謝・内分泌領域,メトホルミン塩酸塩,競合A,競合A社製品,錠,260129,9.2,2399305,0.8622
2024-09,代謝・内分泌領域,メトホルミン塩酸塩,競合B,競合B社製品,錠,180189,9.1,1646339,0.8622
2024-10,代謝・内分泌領域,メトホルミン塩酸塩,オリジナル,メトグルコ（オリジナル）,錠,94932,12.2,1162653,0.8495
2024-10,代謝・内分泌領域,メトホルミン塩酸塩,自社,メトグルコGE「サンド」（自社合計）,錠,75207,9.1,682280,0.8495
2024-10,代謝・内分泌領域,メトホルミン塩酸塩,競合A,競合A社製品,錠,240447,9.0,2164328,0.8495
2024-10,代謝・内分泌領域,メトホルミン塩酸塩,競合B,競合B社製品,錠,220000,8.8,1940891,0.8495
2024-11,代謝・内分泌領域,メトホルミン塩酸塩,オリジナル,メトグルコ（オリジナル）,錠,86988,12.2,1065353,0.8599
2024-11,代謝・内分泌領域,メトホルミン塩酸塩,自社,メトグルコGE「サンド」（自社合計）,錠,70973,9.1,643871,0.8599
2024-11,代謝・内分泌領域,メトホルミン塩酸塩,競合A,競合A社製品,錠,240593,9.1,2196347,0.8599
2024-11,代謝・内分泌領域,メトホルミン塩酸塩,競合B,競合B社製品,錠,222502,9.2,2052376,0.8599
2024-12,代謝・内分泌領域,メトホルミン塩酸塩,オリジナル,メトグルコ（オリジナル）,錠,68922,12.2,844107,0.892
2024-12,代謝・内分泌領域,メトホルミン塩酸塩,自社,メトグルコGE「サンド」（自社合計）,錠,86869,9.1,788076,0.892
2024-12,代謝・内分泌領域,メトホルミン塩酸塩,競合A,競合A社製品,錠,251103,8.7,2180871,0.892
2024-12,代謝・内分泌領域,メトホルミン塩酸塩,競合B,競合B社製品,錠,231496,9.1,2111378,0.892
2025-01,代謝・内分泌領域,メトホルミン塩酸塩,オリジナル,メトグルコ（オリジナル）,錠,84983,12.2,1040798,0.8594
2025-01,代謝・内分泌領域,メトホルミン塩酸塩,自社,メトグルコGE「サンド」（自社合計）,錠,74331,9.1,674335,0.8594
2025-01,代謝・内分泌領域,メトホルミン塩酸塩,競合A,競合A社製品,錠,242970,9.3,2251213,0.8594
2025-01,代謝・内分泌領域,メトホルミン塩酸塩,競合B,競合B社製品,錠,202212,9.1,1840230,0.8594
2025-02,代謝・内分泌領域,メトホルミン塩酸塩,オリジナル,メトグルコ（オリジナル）,錠,89629,12.2,1097708,0.8538
2025-02,代謝・内分泌領域,メトホルミン塩酸塩,自社,メトグルコGE「サンド」（自社合計）,錠,69760,9.1,632865,0.8538
2025-02,代謝・内分泌領域,メトホルミン塩酸塩,競合A,競合A社製品,錠,242946,9.1,2201636,0.8538
2025-02,代謝・内分泌領域,メトホルミン塩酸塩,競合B,競合B社製品,錠,210810,9.4,1980094,0.8538
2025-03,代謝・内分泌領域,メトホルミン塩酸塩,オリジナル,メトグルコ（オリジナル）,錠,83634,12.2,1024279,0.8746
2025-03,代謝・内分泌領域,メトホルミン塩酸塩,自社,メトグルコGE「サンド」（自社合計）,錠,85015,9.1,771256,0.8746
2025-03,代謝・内分泌領域,メトホルミン塩酸塩,競合A,競合A社製品,錠,256223,8.9,2279584,0.8746
2025-03,代謝・内分泌領域,メトホルミン塩酸塩,競合B,競合B社製品,錠,241827,8.9,2162036,0.8746
2025-04,代謝・内分泌領域,メトホルミン塩酸塩,オリジナル,メトグルコ（オリジナル）,錠,87284,11.9,1036910,0.857
2025-04,代謝・内分泌領域,メトホルミン塩酸塩,自社,メトグルコGE「サンド」（自社合計）,錠,83696,8.8,736507,0.857
2025-04,代謝・内分泌領域,メトホルミン塩酸塩,競合A,競合A社製品,錠,229794,9.0,2059829,0.857
2025-04,代謝・内分泌領域,メトホルミン塩酸塩,競合B,競合B社製品,錠,209657,8.9,1859150,0.857
2025-05,代謝・内分泌領域,メトホルミン塩酸塩,オリジナル,メトグルコ（オリジナル）,錠,82858,11.9,984340,0.8653
2025-05,代謝・内分泌領域,メトホルミン塩酸塩,自社,メトグルコGE「サンド」（自社合計）,錠,77614,8.8,682993,0.8653
2025-05,代謝・内分泌領域,メトホルミン塩酸塩,競合A,競合A社製品,錠,256074,8.7,2232902,0.8653
2025-05,代謝・内分泌領域,メトホルミン塩酸塩,競合B,競合B社製品,錠,198456,8.6,1703570,0.8653
2025-06,代謝・内分泌領域,メトホルミン塩酸塩,オリジナル,メトグルコ（オリジナル）,錠,79545,11.9,944974,0.8678
2025-06,代謝・内分泌領域,メトホルミン塩酸塩,自社,メトグルコGE「サンド」（自社合計）,錠,88250,8.8,776589,0.8678
2025-06,代謝・内分泌領域,メトホルミン塩酸塩,競合A,競合A社製品,錠,240766,8.8,2113675,0.8678
2025-06,代謝・内分泌領域,メトホルミン塩酸塩,競合B,競合B社製品,錠,193203,8.9,1709876,0.8678
2025-07,代謝・内分泌領域,メトホルミン塩酸塩,オリジナル,メトグルコ（オリジナル）,錠,83315,11.9,989760,0.8687
2025-07,代謝・内分泌領域,メトホルミン塩酸塩,自社,メトグルコGE「サンド」（自社合計）,錠,82589,8.8,726769,0.8687
2025-07,代謝・内分泌領域,メトホルミン塩酸塩,競合A,競合A社製品,錠,273169,8.9,2424453,0.8687
2025-07,代謝・内分泌領域,メトホルミン塩酸塩,競合B,競合B社製品,錠,195237,9.1,1770821,0.8687
2025-08,代謝・内分泌領域,メトホルミン塩酸塩,オリジナル,メトグルコ（オリジナル）,錠,90331,11.9,1073112,0.8546
2025-08,代謝・内分泌領域,メトホルミン塩酸塩,自社,メトグルコGE「サンド」（自社合計）,錠,74893,8.8,659051,0.8546
2025-08,代謝・内分泌領域,メトホルミン塩酸塩,競合A,競合A社製品,錠,273277,9.1,2487695,0.8546
2025-08,代謝・内分泌領域,メトホルミン塩酸塩,競合B,競合B社製品,錠,182543,8.8,1600585,0.8546
2025-09,代謝・内分泌領域,メトホルミン塩酸塩,オリジナル,メトグルコ（オリジナル）,錠,72704,11.9,863714,0.8817
2025-09,代謝・内分泌領域,メトホルミン塩酸塩,自社,メトグルコGE「サンド」（自社合計）,錠,78327,8.8,689261,0.8817
2025-09,代謝・内分泌領域,メトホルミン塩酸塩,競合A,競合A社製品,錠,242544,8.9,2161808,0.8817
2025-09,代謝・内分泌領域,メトホルミン塩酸塩,競合B,競合B社製品,錠,221071,8.7,1930035,0.8817
2025-10,代謝・内分泌領域,メトホルミン塩酸塩,オリジナル,メトグルコ（オリジナル）,錠,83234,11.9,988803,0.8657
2025-10,代謝・内分泌領域,メトホルミン塩酸塩,自社,メトグルコGE「サンド」（自社合計）,錠,85753,8.8,754616,0.8657
2025-10,代謝・内分泌領域,メトホルミン塩酸塩,競合A,競合A社製品,錠,267068,8.8,2354414,0.8657
2025-10,代謝・内分泌領域,メトホルミン塩酸塩,競合B,競合B社製品,錠,183889,8.9,1639038,0.8657
2025-11,代謝・内分泌領域,メトホルミン塩酸塩,オリジナル,メトグルコ（オリジナル）,錠,79078,11.9,939425,0.8671
2025-11,代謝・内分泌領域,メトホルミン塩酸塩,自社,メトグルコGE「サンド」（自社合計）,錠,76779,8.8,675643,0.8671
2025-11,代謝・内分泌領域,メトホルミン塩酸塩,競合A,競合A社製品,錠,225563,8.6,1950056,0.8671
2025-11,代謝・内分泌領域,メトホルミン塩酸塩,競合B,競合B社製品,錠,213758,8.7,1868465,0.8671
2025-12,代謝・内分泌領域,メトホルミン塩酸塩,オリジナル,メトグルコ（オリジナル）,錠,91993,11.9,1092855,0.8546
2025-12,代謝・内分泌領域,メトホルミン塩酸塩,自社,メトグルコGE「サンド」（自社合計）,錠,85585,8.8,753135,0.8546
2025-12,代謝・内分泌領域,メトホルミン塩酸塩,競合A,競合A社製品,錠,243665,8.7,2130160,0.8546
2025-12,代謝・内分泌領域,メトホルミン塩酸塩,競合B,競合B社製品,錠,211380,9.0,1897411,0.8546
2026-01,代謝・内分泌領域,メトホルミン塩酸塩,オリジナル,メトグルコ（オリジナル）,錠,74529,11.9,885393,0.8814
2026-01,代謝・内分泌領域,メトホルミン塩酸塩,自社,メトグルコGE「サンド」（自社合計）,錠,87123,8.8,766668,0.8814
2026-01,代謝・内分泌領域,メトホルミン塩酸塩,競合A,競合A社製品,錠,247047,8.8,2164243,0.8814
2026-01,代謝・内分泌領域,メトホルミン塩酸塩,競合B,競合B社製品,錠,219853,8.8,1944057,0.8814
2026-02,代謝・内分泌領域,メトホルミン塩酸塩,オリジナル,メトグルコ（オリジナル）,錠,89083,11.9,1058282,0.8574
2026-02,代謝・内分泌領域,メトホルミン塩酸塩,自社,メトグルコGE「サンド」（自社合計）,錠,85966,8.8,756483,0.8574
2026-02,代謝・内分泌領域,メトホルミン塩酸塩,競合A,競合A社製品,錠,250374,9.2,2314187,0.8574
2026-02,代謝・内分泌領域,メトホルミン塩酸塩,競合B,競合B社製品,錠,199254,9.1,1819225,0.8574
2026-03,代謝・内分泌領域,メトホルミン塩酸塩,オリジナル,メトグルコ（オリジナル）,錠,88946,11.9,1056657,0.8655
2026-03,代謝・内分泌領域,メトホルミン塩酸塩,自社,メトグルコGE「サンド」（自社合計）,錠,83453,8.8,734374,0.8655
2026-03,代謝・内分泌領域,メトホルミン塩酸塩,競合A,競合A社製品,錠,260318,8.9,2305215,0.8655
2026-03,代謝・内分泌領域,メトホルミン塩酸塩,競合B,競合B社製品,錠,228745,9.0,2061466,0.8655
2026-04,代謝・内分泌領域,メトホルミン塩酸塩,オリジナル,メトグルコ（オリジナル）,錠,80568,11.2,899703,0.862
2026-04,代謝・内分泌領域,メトホルミン塩酸塩,自社,メトグルコGE「サンド」（自社合計）,錠,70328,8.3,581742,0.862
2026-04,代謝・内分泌領域,メトホルミン塩酸塩,競合A,競合A社製品,錠,236035,8.1,1910956,0.862
2026-04,代謝・内分泌領域,メトホルミン塩酸塩,競合B,競合B社製品,錠,196961,8.2,1611980,0.862
2026-05,代謝・内分泌領域,メトホルミン塩酸塩,オリジナル,メトグルコ（オリジナル）,錠,81120,11.2,905865,0.8678
2026-05,代謝・内分泌領域,メトホルミン塩酸塩,自社,メトグルコGE「サンド」（自社合計）,錠,76872,8.3,635871,0.8678
2026-05,代謝・内分泌領域,メトホルミン塩酸塩,競合A,競合A社製品,錠,230426,8.6,1987216,0.8678
2026-05,代謝・内分泌領域,メトホルミン塩酸塩,競合B,競合B社製品,錠,224971,8.1,1813013,0.8678
2023-01,循環器領域,アトルバスタチン,オリジナル,リピトール（オリジナル）,錠,85776,24.3,2084345,0.7494
2023-01,循環器領域,アトルバスタチン,自社,アトルバスタチンOD錠「サンド」（自社合計）,錠,45935,18.0,826828,0.7494
2023-01,循環器領域,アトルバスタチン,競合A,競合A社製品,錠,108434,17.9,1937442,0.7494
2023-01,循環器領域,アトルバスタチン,競合B,競合B社製品,錠,102178,18.1,1851765,0.7494
2023-02,循環器領域,アトルバスタチン,オリジナル,リピトール（オリジナル）,錠,98000,24.3,2381404,0.7296
2023-02,循環器領域,アトルバスタチン,自社,アトルバスタチンOD錠「サンド」（自社合計）,錠,39144,18.0,704589,0.7296
2023-02,循環器領域,アトルバスタチン,競合A,競合A社製品,錠,129145,18.2,2344814,0.7296
2023-02,循環器領域,アトルバスタチン,競合B,競合B社製品,錠,96113,17.9,1717014,0.7296
2023-03,循環器領域,アトルバスタチン,オリジナル,リピトール（オリジナル）,錠,100650,24.3,2445794,0.7335
2023-03,循環器領域,アトルバスタチン,自社,アトルバスタチンOD錠「サンド」（自社合計）,錠,41162,18.0,740915,0.7335
2023-03,循環器領域,アトルバスタチン,競合A,競合A社製品,錠,127807,18.1,2311204,0.7335
2023-03,循環器領域,アトルバスタチン,競合B,競合B社製品,錠,107995,17.8,1922327,0.7335
2023-04,循環器領域,アトルバスタチン,オリジナル,リピトール（オリジナル）,錠,79241,24.3,1925550,0.7645
2023-04,循環器領域,アトルバスタチン,自社,アトルバスタチンOD錠「サンド」（自社合計）,錠,39370,18.0,708665,0.7645
2023-04,循環器領域,アトルバスタチン,競合A,競合A社製品,錠,122122,18.0,2200540,0.7645
2023-04,循環器領域,アトルバスタチン,競合B,競合B社製品,錠,95738,18.0,1723292,0.7645
2023-05,循環器領域,アトルバスタチン,オリジナル,リピトール（オリジナル）,錠,81633,24.3,1983679,0.7641
2023-05,循環器領域,アトルバスタチン,自社,アトルバスタチンOD錠「サンド」（自社合計）,錠,39941,18.0,718937,0.7641
2023-05,循環器領域,アトルバスタチン,競合A,競合A社製品,錠,137586,18.6,2554469,0.7641
2023-05,循環器領域,アトルバスタチン,競合B,競合B社製品,錠,86936,18.1,1576919,0.7641
2023-06,循環器領域,アトルバスタチン,オリジナル,リピトール（オリジナル）,錠,84476,24.3,2052767,0.7559
2023-06,循環器領域,アトルバスタチン,自社,アトルバスタチンOD錠「サンド」（自社合計）,錠,43012,18.0,774224,0.7559
2023-06,循環器領域,アトルバスタチン,競合A,競合A社製品,錠,121954,18.2,2216257,0.7559
2023-06,循環器領域,アトルバスタチン,競合B,競合B社製品,錠,96648,17.4,1678961,0.7559
2023-07,循環器領域,アトルバスタチン,オリジナル,リピトール（オリジナル）,錠,79837,24.3,1940043,0.7772
2023-07,循環器領域,アトルバスタチン,自社,アトルバスタチンOD錠「サンド」（自社合計）,錠,39508,18.0,711152,0.7772
2023-07,循環器領域,アトルバスタチン,競合A,競合A社製品,錠,128029,18.1,2316672,0.7772
2023-07,循環器領域,アトルバスタチン,競合B,競合B社製品,錠,110896,18.0,1998219,0.7772
2023-08,循環器領域,アトルバスタチン,オリジナル,リピトール（オリジナル）,錠,78152,24.3,1899083,0.7767
2023-08,循環器領域,アトルバスタチン,自社,アトルバスタチンOD錠「サンド」（自社合計）,錠,41041,18.0,738734,0.7767
2023-08,循環器領域,アトルバスタチン,競合A,競合A社製品,錠,127990,18.5,2371615,0.7767
2023-08,循環器領域,アトルバスタチン,競合B,競合B社製品,錠,102798,17.1,1755384,0.7767
2023-09,循環器領域,アトルバスタチン,オリジナル,リピトール（オリジナル）,錠,75677,24.3,1838961,0.7842
2023-09,循環器領域,アトルバスタチン,自社,アトルバスタチンOD錠「サンド」（自社合計）,錠,43161,18.0,776904,0.7842
2023-09,循環器領域,アトルバスタチン,競合A,競合A社製品,錠,124915,17.4,2169479,0.7842
2023-09,循環器領域,アトルバスタチン,競合B,競合B社製品,錠,106906,18.1,1936937,0.7842
2023-10,循環器領域,アトルバスタチン,オリジナル,リピトール（オリジナル）,錠,83404,24.3,2026709,0.7714
2023-10,循環器領域,アトルバスタチン,自社,アトルバスタチンOD錠「サンド」（自社合計）,錠,45907,18.0,826328,0.7714
2023-10,循環器領域,アトルバスタチン,競合A,競合A社製品,錠,127200,18.0,2286795,0.7714
2023-10,循環器領域,アトルバスタチン,競合B,競合B社製品,錠,108293,17.6,1908223,0.7714
2023-11,循環器領域,アトルバスタチン,オリジナル,リピトール（オリジナル）,錠,68836,24.3,1672709,0.8036
2023-11,循環器領域,アトルバスタチン,自社,アトルバスタチンOD錠「サンド」（自社合計）,錠,45308,18.0,815539,0.8036
2023-11,循環器領域,アトルバスタチン,競合A,競合A社製品,錠,142312,18.4,2621931,0.8036
2023-11,循環器領域,アトルバスタチン,競合B,競合B社製品,錠,94098,18.2,1708647,0.8036
2023-12,循環器領域,アトルバスタチン,オリジナル,リピトール（オリジナル）,錠,73613,24.3,1788797,0.7986
2023-12,循環器領域,アトルバスタチン,自社,アトルバスタチンOD錠「サンド」（自社合計）,錠,47810,18.0,860572,0.7986
2023-12,循環器領域,アトルバスタチン,競合A,競合A社製品,錠,132085,18.0,2380699,0.7986
2023-12,循環器領域,アトルバスタチン,競合B,競合B社製品,錠,112019,17.7,1988209,0.7986
2024-01,循環器領域,アトルバスタチン,オリジナル,リピトール（オリジナル）,錠,77251,24.3,1877199,0.7857
2024-01,循環器領域,アトルバスタチン,自社,アトルバスタチンOD錠「サンド」（自社合計）,錠,46402,18.0,835241,0.7857
2024-01,循環器領域,アトルバスタチン,競合A,競合A社製品,錠,128909,18.4,2374718,0.7857
2024-01,循環器領域,アトルバスタチン,競合B,競合B社製品,錠,107934,18.3,1971989,0.7857
2024-02,循環器領域,アトルバスタチン,オリジナル,リピトール（オリジナル）,錠,70481,24.3,1712691,0.8078
2024-02,循環器領域,アトルバスタチン,自社,アトルバスタチンOD錠「サンド」（自社合計）,錠,41698,18.0,750567,0.8078
2024-02,循環器領域,アトルバスタチン,競合A,競合A社製品,錠,139462,17.6,2451473,0.8078
2024-02,循環器領域,アトルバスタチン,競合B,競合B社製品,錠,115035,17.8,2049161,0.8078
2024-03,循環器領域,アトルバスタチン,オリジナル,リピトール（オリジナル）,錠,75024,24.3,1823084,0.8096
2024-03,循環器領域,アトルバスタチン,自社,アトルバスタチンOD錠「サンド」（自社合計）,錠,47846,18.0,861221,0.8096
2024-03,循環器領域,アトルバスタチン,競合A,競合A社製品,錠,140862,18.0,2537172,0.8096
2024-03,循環器領域,アトルバスタチン,競合B,競合B社製品,錠,130241,17.6,2287292,0.8096
2024-04,循環器領域,アトルバスタチン,オリジナル,リピトール（オリジナル）,錠,63509,23.0,1458381,0.8088
2024-04,循環器領域,アトルバスタチン,自社,アトルバスタチンOD錠「サンド」（自社合計）,錠,45413,17.0,772482,0.8088
2024-04,循環器領域,アトルバスタチン,競合A,競合A社製品,錠,126848,16.2,2058805,0.8088
2024-04,循環器領域,アトルバスタチン,競合B,競合B社製品,錠,96373,17.1,1649276,0.8088
2024-05,循環器領域,アトルバスタチン,オリジナル,リピトール（オリジナル）,錠,66752,23.0,1532867,0.8121
2024-05,循環器領域,アトルバスタチン,自社,アトルバスタチンOD錠「サンド」（自社合計）,錠,50234,17.0,854482,0.8121
2024-05,循環器領域,アトルバスタチン,競合A,競合A社製品,錠,116266,16.8,1954297,0.8121
2024-05,循環器領域,アトルバスタチン,競合B,競合B社製品,錠,121933,17.2,2098598,0.8121
2024-06,循環器領域,アトルバスタチン,オリジナル,リピトール（オリジナル）,錠,60246,23.0,1383458,0.8247
2024-06,循環器領域,アトルバスタチン,自社,アトルバスタチンOD錠「サンド」（自社合計）,錠,45978,17.0,782088,0.8247
2024-06,循環器領域,アトルバスタチン,競合A,競合A社製品,錠,136666,16.8,2298147,0.8247
2024-06,循環器領域,アトルバスタチン,競合B,競合B社製品,錠,100850,17.3,1743378,0.8247
2024-07,循環器領域,アトルバスタチン,オリジナル,リピトール（オリジナル）,錠,67430,23.0,1548436,0.8142
2024-07,循環器領域,アトルバスタチン,自社,アトルバスタチンOD錠「サンド」（自社合計）,錠,47665,17.0,810781,0.8142
2024-07,循環器領域,アトルバスタチン,競合A,競合A社製品,錠,138277,16.7,2311481,0.8142
2024-07,循環器領域,アトルバスタチン,競合B,競合B社製品,錠,109482,17.0,1856801,0.8142
2024-08,循環器領域,アトルバスタチン,オリジナル,リピトール（オリジナル）,錠,64739,23.0,1486627,0.8174
2024-08,循環器領域,アトルバスタチン,自社,アトルバスタチンOD錠「サンド」（自社合計）,錠,49109,17.0,835352,0.8174
2024-08,循環器領域,アトルバスタチン,競合A,競合A社製品,錠,124702,17.0,2115885,0.8174
2024-08,循環器領域,アトルバスタチン,競合B,競合B社製品,錠,115923,17.5,2030267,0.8174
2024-09,循環器領域,アトルバスタチン,オリジナル,リピトール（オリジナル）,錠,67711,23.0,1554885,0.8068
2024-09,循環器領域,アトルバスタチン,自社,アトルバスタチンOD錠「サンド」（自社合計）,錠,45828,17.0,779537,0.8068
2024-09,循環器領域,アトルバスタチン,競合A,競合A社製品,錠,136366,17.0,2320113,0.8068
2024-09,循環器領域,アトルバスタチン,競合B,競合B社製品,錠,100655,17.5,1757657,0.8068
2024-10,循環器領域,アトルバスタチン,オリジナル,リピトール（オリジナル）,錠,63435,23.0,1456685,0.8249
2024-10,循環器領域,アトルバスタチン,自社,アトルバスタチンOD錠「サンド」（自社合計）,錠,49616,17.0,843964,0.8249
2024-10,循環器領域,アトルバスタチン,競合A,競合A社製品,錠,154462,16.9,2616613,0.8249
2024-10,循環器領域,アトルバスタチン,競合B,競合B社製品,錠,94739,16.3,1546930,0.8249
2024-11,循環器領域,アトルバスタチン,オリジナル,リピトール（オリジナル）,錠,68734,23.0,1578384,0.8132
2024-11,循環器領域,アトルバスタチン,自社,アトルバスタチンOD錠「サンド」（自社合計）,錠,48485,17.0,824732,0.8132
2024-11,循環器領域,アトルバスタチン,競合A,競合A社製品,錠,147711,16.5,2432044,0.8132
2024-11,循環器領域,アトルバスタチン,競合B,競合B社製品,錠,102950,16.6,1707335,0.8132
2024-12,循環器領域,アトルバスタチン,オリジナル,リピトール（オリジナル）,錠,65283,23.0,1499115,0.8109
2024-12,循環器領域,アトルバスタチン,自社,アトルバスタチンOD錠「サンド」（自社合計）,錠,46456,17.0,790221,0.8109
2024-12,循環器領域,アトルバスタチン,競合A,競合A社製品,錠,132140,17.1,2260115,0.8109
2024-12,循環器領域,アトルバスタチン,競合B,競合B社製品,錠,101436,16.5,1676672,0.8109
2025-01,循環器領域,アトルバスタチン,オリジナル,リピトール（オリジナル）,錠,61135,23.0,1403866,0.8205
2025-01,循環器領域,アトルバスタチン,自社,アトルバスタチンOD錠「サンド」（自社合計）,錠,43945,17.0,747511,0.8205
2025-01,循環器領域,アトルバスタチン,競合A,競合A社製品,錠,132748,17.2,2289737,0.8205
2025-01,循環器領域,アトルバスタチン,競合B,競合B社製品,錠,102712,17.1,1751956,0.8205
2025-02,循環器領域,アトルバスタチン,オリジナル,リピトール（オリジナル）,錠,64146,23.0,1473026,0.8232
2025-02,循環器領域,アトルバスタチン,自社,アトルバスタチンOD錠「サンド」（自社合計）,錠,50108,17.0,852340,0.8232
2025-02,循環器領域,アトルバスタチン,競合A,競合A社製品,錠,131426,16.9,2227533,0.8232
2025-02,循環器領域,アトルバスタチン,競合B,競合B社製品,錠,117083,17.1,1999413,0.8232
2025-03,循環器領域,アトルバスタチン,オリジナル,リピトール（オリジナル）,錠,71526,23.0,1642496,0.8178
2025-03,循環器領域,アトルバスタチン,自社,アトルバスタチンOD錠「サンド」（自社合計）,錠,54004,17.0,918614,0.8178
2025-03,循環器領域,アトルバスタチン,競合A,競合A社製品,錠,144745,17.0,2456329,0.8178
2025-03,循環器領域,アトルバスタチン,競合B,競合B社製品,錠,122300,17.3,2114840,0.8178
2025-04,循環器領域,アトルバスタチン,オリジナル,リピトール（オリジナル）,錠,62176,22.3,1384937,0.8096
2025-04,循環器領域,アトルバスタチン,自社,アトルバスタチンOD錠「サンド」（自社合計）,錠,39295,16.5,648363,0.8096
2025-04,循環器領域,アトルバスタチン,競合A,競合A社製品,錠,108000,16.3,1757788,0.8096
2025-04,循環器領域,アトルバスタチン,競合B,競合B社製品,錠,117004,16.7,1959459,0.8096
2025-05,循環器領域,アトルバスタチン,オリジナル,リピトール（オリジナル）,錠,62259,22.3,1386799,0.8252
2025-05,循環器領域,アトルバスタチン,自社,アトルバスタチンOD錠「サンド」（自社合計）,錠,51404,16.5,848158,0.8252
2025-05,循環器領域,アトルバスタチン,競合A,競合A社製品,錠,143044,16.5,2356913,0.8252
2025-05,循環器領域,アトルバスタチン,競合B,競合B社製品,錠,99473,16.9,1685704,0.8252
2025-06,循環器領域,アトルバスタチン,オリジナル,リピトール（オリジナル）,錠,66272,22.3,1476176,0.8155
2025-06,循環器領域,アトルバスタチン,自社,アトルバスタチンOD錠「サンド」（自社合計）,錠,46442,16.5,766282,0.8155
2025-06,循環器領域,アトルバスタチン,競合A,競合A社製品,錠,124609,16.2,2019487,0.8155
2025-06,循環器領域,アトルバスタチン,競合B,競合B社製品,錠,121856,16.4,1996195,0.8155
2025-07,循環器領域,アトルバスタチン,オリジナル,リピトール（オリジナル）,錠,57731,22.3,1285928,0.8417
2025-07,循環器領域,アトルバスタチン,自社,アトルバスタチンOD錠「サンド」（自社合計）,錠,46389,16.5,765410,0.8417
2025-07,循環器領域,アトルバスタチン,競合A,競合A社製品,錠,146324,16.2,2364057,0.8417
2025-07,循環器領域,アトルバスタチン,競合B,競合B社製品,錠,114139,16.7,1901133,0.8417
2025-08,循環器領域,アトルバスタチン,オリジナル,リピトール（オリジナル）,錠,69248,22.3,1542482,0.8067
2025-08,循環器領域,アトルバスタチン,自社,アトルバスタチンOD錠「サンド」（自社合計）,錠,50499,16.5,833217,0.8067
2025-08,循環器領域,アトルバスタチン,競合A,競合A社製品,錠,126806,16.3,2069921,0.8067
2025-08,循環器領域,アトルバスタチン,競合B,競合B社製品,錠,111618,16.1,1802268,0.8067
2025-09,循環器領域,アトルバスタチン,オリジナル,リピトール（オリジナル）,錠,60398,22.3,1345337,0.8297
2025-09,循環器領域,アトルバスタチン,自社,アトルバスタチンOD錠「サンド」（自社合計）,錠,48299,16.5,796912,0.8297
2025-09,循環器領域,アトルバスタチン,競合A,競合A社製品,錠,137732,16.6,2288988,0.8297
2025-09,循環器領域,アトルバスタチン,競合B,競合B社製品,錠,108280,16.9,1833771,0.8297
2025-10,循環器領域,アトルバスタチン,オリジナル,リピトール（オリジナル）,錠,67480,22.3,1503091,0.8111
2025-10,循環器領域,アトルバスタチン,自社,アトルバスタチンOD錠「サンド」（自社合計）,錠,51338,16.5,847062,0.8111
2025-10,循環器領域,アトルバスタチン,競合A,競合A社製品,錠,128763,16.9,2171909,0.8111
2025-10,循環器領域,アトルバスタチン,競合B,競合B社製品,錠,109662,16.6,1823271,0.8111
2025-11,循環器領域,アトルバスタチン,オリジナル,リピトール（オリジナル）,錠,61128,22.3,1361612,0.8298
2025-11,循環器領域,アトルバスタチン,自社,アトルバスタチンOD錠「サンド」（自社合計）,錠,55568,16.5,916854,0.8298
2025-11,循環器領域,アトルバスタチン,競合A,競合A社製品,錠,148404,16.5,2452015,0.8298
2025-11,循環器領域,アトルバスタチン,競合B,競合B社製品,錠,93963,16.6,1555336,0.8298
2025-12,循環器領域,アトルバスタチン,オリジナル,リピトール（オリジナル）,錠,66926,22.3,1490760,0.8182
2025-12,循環器領域,アトルバスタチン,自社,アトルバスタチンOD錠「サンド」（自社合計）,錠,51443,16.5,848797,0.8182
2025-12,循環器領域,アトルバスタチン,競合A,競合A社製品,錠,137137,16.6,2276926,0.8182
2025-12,循環器領域,アトルバスタチン,競合B,競合B社製品,錠,112555,16.2,1826175,0.8182
2026-01,循環器領域,アトルバスタチン,オリジナル,リピトール（オリジナル）,錠,67659,22.3,1507083,0.8062
2026-01,循環器領域,アトルバスタチン,自社,アトルバスタチンOD錠「サンド」（自社合計）,錠,44144,16.5,728358,0.8062
2026-01,循環器領域,アトルバスタチン,競合A,競合A社製品,錠,127270,16.4,2087606,0.8062
2026-01,循環器領域,アトルバスタチン,競合B,競合B社製品,錠,110068,17.1,1886453,0.8062
2026-02,循環器領域,アトルバスタチン,オリジナル,リピトール（オリジナル）,錠,67281,22.3,1498656,0.8176
2026-02,循環器領域,アトルバスタチン,自社,アトルバスタチンOD錠「サンド」（自社合計）,錠,51869,16.5,855830,0.8176
2026-02,循環器領域,アトルバスタチン,競合A,競合A社製品,錠,134306,16.4,2203399,0.8176
2026-02,循環器領域,アトルバスタチン,競合B,競合B社製品,錠,115432,16.6,1911647,0.8176
2026-03,循環器領域,アトルバスタチン,オリジナル,リピトール（オリジナル）,錠,69468,22.3,1547361,0.8241
2026-03,循環器領域,アトルバスタチン,自社,アトルバスタチンOD錠「サンド」（自社合計）,錠,58466,16.5,964668,0.8241
2026-03,循環器領域,アトルバスタチン,競合A,競合A社製品,錠,137702,16.5,2272328,0.8241
2026-03,循環器領域,アトルバスタチン,競合B,競合B社製品,錠,129296,17.4,2244176,0.8241
2026-04,循環器領域,アトルバスタチン,オリジナル,リピトール（オリジナル）,錠,54481,20.9,1140740,0.8421
2026-04,循環器領域,アトルバスタチン,自社,アトルバスタチンOD錠「サンド」（自社合計）,錠,49502,15.5,767763,0.8421
2026-04,循環器領域,アトルバスタチン,競合A,競合A社製品,錠,136736,15.5,2118328,0.8421
2026-04,循環器領域,アトルバスタチン,競合B,競合B社製品,錠,104241,15.5,1611239,0.8421
2026-05,循環器領域,アトルバスタチン,オリジナル,リピトール（オリジナル）,錠,59746,20.9,1250971,0.8323
2026-05,循環器領域,アトルバスタチン,自社,アトルバスタチンOD錠「サンド」（自社合計）,錠,47867,15.5,742400,0.8323
2026-05,循環器領域,アトルバスタチン,競合A,競合A社製品,錠,141666,15.8,2244884,0.8323
2026-05,循環器領域,アトルバスタチン,競合B,競合B社製品,錠,106885,15.6,1669903,0.8323
2023-01,腫瘍支持療法領域,フィルグラスチム,オリジナル,グラン（オリジナル）,注射剤,7406,10125.0,74983130,0.069
2023-01,腫瘍支持療法領域,フィルグラスチム,自社,フィルグラスチムBS注「サンド」（自社合計）,注射剤,108,7500.0,809991,0.069
2023-01,腫瘍支持療法領域,フィルグラスチム,競合A,競合A社製品,注射剤,255,7225.3,1839668,0.069
2023-01,腫瘍支持療法領域,フィルグラスチム,競合B,競合B社製品,注射剤,186,7449.7,1384481,0.069
2023-02,腫瘍支持療法領域,フィルグラスチム,オリジナル,グラン（オリジナル）,注射剤,7252,10125.0,73428217,0.0573
2023-02,腫瘍支持療法領域,フィルグラスチム,自社,フィルグラスチムBS注「サンド」（自社合計）,注射剤,95,7500.0,710142,0.0573
2023-02,腫瘍支持療法領域,フィルグラスチム,競合A,競合A社製品,注射剤,200,7392.1,1475584,0.0573
2023-02,腫瘍支持療法領域,フィルグラスチム,競合B,競合B社製品,注射剤,146,7274.6,1065196,0.0573
2023-03,腫瘍支持療法領域,フィルグラスチム,オリジナル,グラン（オリジナル）,注射剤,7537,10125.0,76311892,0.0754
2023-03,腫瘍支持療法領域,フィルグラスチム,自社,フィルグラスチムBS注「サンド」（自社合計）,注射剤,139,7500.0,1045135,0.0754
2023-03,腫瘍支持療法領域,フィルグラスチム,競合A,競合A社製品,注射剤,268,7416.1,1985925,0.0754
2023-03,腫瘍支持療法領域,フィルグラスチム,競合B,競合B社製品,注射剤,208,7569.8,1573122,0.0754
2023-04,腫瘍支持療法領域,フィルグラスチム,オリジナル,グラン（オリジナル）,注射剤,6749,10125.0,68338058,0.0874
2023-04,腫瘍支持療法領域,フィルグラスチム,自社,フィルグラスチムBS注「サンド」（自社合計）,注射剤,132,7500.0,991580,0.0874
2023-04,腫瘍支持療法領域,フィルグラスチム,競合A,競合A社製品,注射剤,281,7618.6,2143656,0.0874
2023-04,腫瘍支持療法領域,フィルグラスチム,競合B,競合B社製品,注射剤,233,7551.7,1756723,0.0874
2023-05,腫瘍支持療法領域,フィルグラスチム,オリジナル,グラン（オリジナル）,注射剤,7390,10125.0,74824393,0.0938
2023-05,腫瘍支持療法領域,フィルグラスチム,自社,フィルグラスチムBS注「サンド」（自社合計）,注射剤,164,7500.0,1226907,0.0938
2023-05,腫瘍支持療法領域,フィルグラスチム,競合A,競合A社製品,注射剤,360,7354.5,2649812,0.0938
2023-05,腫瘍支持療法領域,フィルグラスチム,競合B,競合B社製品,注射剤,241,7366.8,1777874,0.0938
2023-06,腫瘍支持療法領域,フィルグラスチム,オリジナル,グラン（オリジナル）,注射剤,7364,10125.0,74561145,0.1101
2023-06,腫瘍支持療法領域,フィルグラスチム,自社,フィルグラスチムBS注「サンド」（自社合計）,注射剤,200,7500.0,1503319,0.1101
2023-06,腫瘍支持療法領域,フィルグラスチム,競合A,競合A社製品,注射剤,381,7718.3,2943305,0.1101
2023-06,腫瘍支持療法領域,フィルグラスチム,競合B,競合B社製品,注射剤,329,7519.7,2475180,0.1101
2023-07,腫瘍支持療法領域,フィルグラスチム,オリジナル,グラン（オリジナル）,注射剤,6979,10125.0,70658395,0.1399
2023-07,腫瘍支持療法領域,フィルグラスチム,自社,フィルグラスチムBS注「サンド」（自社合計）,注射剤,231,7500.0,1732626,0.1399
2023-07,腫瘍支持療法領域,フィルグラスチム,競合A,競合A社製品,注射剤,472,7432.7,3504839,0.1399
2023-07,腫瘍支持療法領域,フィルグラスチム,競合B,競合B社製品,注射剤,432,7567.9,3270824,0.1399
2023-08,腫瘍支持療法領域,フィルグラスチム,オリジナル,グラン（オリジナル）,注射剤,6705,10125.0,67887111,0.1438
2023-08,腫瘍支持療法領域,フィルグラスチム,自社,フィルグラスチムBS注「サンド」（自社合計）,注射剤,229,7500.0,1713899,0.1438
2023-08,腫瘍支持療法領域,フィルグラスチム,競合A,競合A社製品,注射剤,524,7140.9,3744033,0.1438
2023-08,腫瘍支持療法領域,フィルグラスチム,競合B,競合B社製品,注射剤,373,7382.0,2752123,0.1438
2023-09,腫瘍支持療法領域,フィルグラスチム,オリジナル,グラン（オリジナル）,注射剤,6702,10125.0,67861907,0.1432
2023-09,腫瘍支持療法領域,フィルグラスチム,自社,フィルグラスチムBS注「サンド」（自社合計）,注射剤,238,7500.0,1781826,0.1432
2023-09,腫瘍支持療法領域,フィルグラスチム,競合A,競合A社製品,注射剤,481,7462.0,3587122,0.1432
2023-09,腫瘍支持療法領域,フィルグラスチム,競合B,競合B社製品,注射剤,402,7476.1,3004986,0.1432
2023-10,腫瘍支持療法領域,フィルグラスチム,オリジナル,グラン（オリジナル）,注射剤,6868,10125.0,69535815,0.1564
2023-10,腫瘍支持療法領域,フィルグラスチム,自社,フィルグラスチムBS注「サンド」（自社合計）,注射剤,277,7500.0,2080107,0.1564
2023-10,腫瘍支持療法領域,フィルグラスチム,競合A,競合A社製品,注射剤,567,7557.8,4288308,0.1564
2023-10,腫瘍支持療法領域,フィルグラスチム,競合B,競合B社製品,注射剤,428,7583.5,3247640,0.1564
2023-11,腫瘍支持療法領域,フィルグラスチム,オリジナル,グラン（オリジナル）,注射剤,6513,10125.0,65940789,0.2027
2023-11,腫瘍支持療法領域,フィルグラスチム,自社,フィルグラスチムBS注「サンド」（自社合計）,注射剤,349,7500.0,2621095,0.2027
2023-11,腫瘍支持療法領域,フィルグラスチム,競合A,競合A社製品,注射剤,706,7387.0,5216420,0.2027
2023-11,腫瘍支持療法領域,フィルグラスチム,競合B,競合B社製品,注射剤,600,7345.2,4404479,0.2027
2023-12,腫瘍支持療法領域,フィルグラスチム,オリジナル,グラン（オリジナル）,注射剤,6423,10125.0,65028148,0.19
2023-12,腫瘍支持療法領域,フィルグラスチム,自社,フィルグラスチムBS注「サンド」（自社合計）,注射剤,320,7500.0,2401657,0.19
2023-12,腫瘍支持療法領域,フィルグラスチム,競合A,競合A社製品,注射剤,665,7507.7,4989702,0.19
2023-12,腫瘍支持療法領域,フィルグラスチム,競合B,競合B社製品,注射剤,522,7385.2,3856058,0.19
2024-01,腫瘍支持療法領域,フィルグラスチム,オリジナル,グラン（オリジナル）,注射剤,6436,10125.0,65168930,0.2236
2024-01,腫瘍支持療法領域,フィルグラスチム,自社,フィルグラスチムBS注「サンド」（自社合計）,注射剤,395,7500.0,2959327,0.2236
2024-01,腫瘍支持療法領域,フィルグラスチム,競合A,競合A社製品,注射剤,774,7582.3,5870144,0.2236
2024-01,腫瘍支持療法領域,フィルグラスチム,競合B,競合B社製品,注射剤,685,7528.2,5159927,0.2236
2024-02,腫瘍支持療法領域,フィルグラスチム,オリジナル,グラン（オリジナル）,注射剤,6071,10125.0,61466722,0.2335
2024-02,腫瘍支持療法領域,フィルグラスチム,自社,フィルグラスチムBS注「サンド」（自社合計）,注射剤,404,7500.0,3026346,0.2335
2024-02,腫瘍支持療法領域,フィルグラスチム,競合A,競合A社製品,注射剤,756,7528.5,5691973,0.2335
2024-02,腫瘍支持療法領域,フィルグラスチム,競合B,競合B社製品,注射剤,690,7281.8,5021042,0.2335
2024-03,腫瘍支持療法領域,フィルグラスチム,オリジナル,グラン（オリジナル）,注射剤,6657,10125.0,67405359,0.265
2024-03,腫瘍支持療法領域,フィルグラスチム,自社,フィルグラスチムBS注「サンド」（自社合計）,注射剤,514,7500.0,3857172,0.265
2024-03,腫瘍支持療法領域,フィルグラスチム,競合A,競合A社製品,注射剤,1058,7138.5,7550978,0.265
2024-03,腫瘍支持療法領域,フィルグラスチム,競合B,競合B社製品,注射剤,828,7326.5,6066896,0.265
2024-04,腫瘍支持療法領域,フィルグラスチム,オリジナル,グラン（オリジナル）,注射剤,5714,9568.1,54667650,0.2605
2024-04,腫瘍支持療法領域,フィルグラスチム,自社,フィルグラスチムBS注「サンド」（自社合計）,注射剤,453,7087.5,3210890,0.2605
2024-04,腫瘍支持療法領域,フィルグラスチム,競合A,競合A社製品,注射剤,951,6920.7,6581367,0.2605
2024-04,腫瘍支持療法領域,フィルグラスチム,競合B,競合B社製品,注射剤,608,6968.8,4238433,0.2605
2024-05,腫瘍支持療法領域,フィルグラスチム,オリジナル,グラン（オリジナル）,注射剤,5712,9568.1,54648391,0.3061
2024-05,腫瘍支持療法領域,フィルグラスチム,自社,フィルグラスチムBS注「サンド」（自社合計）,注射剤,522,7087.5,3696182,0.3061
2024-05,腫瘍支持療法領域,フィルグラスチム,競合A,競合A社製品,注射剤,1114,7345.7,8182381,0.3061
2024-05,腫瘍支持療法領域,フィルグラスチム,競合B,競合B社製品,注射剤,884,6853.4,6059983,0.3061
2024-06,腫瘍支持療法領域,フィルグラスチム,オリジナル,グラン（オリジナル）,注射剤,5560,9568.1,53194058,0.3046
2024-06,腫瘍支持療法領域,フィルグラスチム,自社,フィルグラスチムBS注「サンド」（自社合計）,注射剤,524,7087.5,3713891,0.3046
2024-06,腫瘍支持療法領域,フィルグラスチム,競合A,競合A社製品,注射剤,1098,7121.8,7817229,0.3046
2024-06,腫瘍支持療法領域,フィルグラスチム,競合B,競合B社製品,注射剤,813,6835.9,5560165,0.3046
2024-07,腫瘍支持療法領域,フィルグラスチム,オリジナル,グラン（オリジナル）,注射剤,5631,9568.1,53877253,0.3217
2024-07,腫瘍支持療法領域,フィルグラスチム,自社,フィルグラスチムBS注「サンド」（自社合計）,注射剤,626,7087.5,4435911,0.3217
2024-07,腫瘍支持療法領域,フィルグラスチム,競合A,競合A社製品,注射剤,1086,6997.3,7600321,0.3217
2024-07,腫瘍支持療法領域,フィルグラスチム,競合B,競合B社製品,注射剤,959,7164.2,6868307,0.3217
2024-08,腫瘍支持療法領域,フィルグラスチム,オリジナル,グラン（オリジナル）,注射剤,5428,9568.1,51934622,0.3503
2024-08,腫瘍支持療法領域,フィルグラスチム,自社,フィルグラスチムBS注「サンド」（自社合計）,注射剤,603,7087.5,4272158,0.3503
2024-08,腫瘍支持療法領域,フィルグラスチム,競合A,競合A社製品,注射剤,1316,6940.9,9132627,0.3503
2024-08,腫瘍支持療法領域,フィルグラスチム,競合B,競合B社製品,注射剤,1008,7120.9,7180201,0.3503
2024-09,腫瘍支持療法領域,フィルグラスチム,オリジナル,グラン（オリジナル）,注射剤,5059,9568.1,48401341,0.3682
2024-09,腫瘍支持療法領域,フィルグラスチム,自社,フィルグラスチムBS注「サンド」（自社合計）,注射剤,637,7087.5,4511963,0.3682
2024-09,腫瘍支持療法領域,フィルグラスチム,競合A,競合A社製品,注射剤,1182,7188.7,8499959,0.3682
2024-09,腫瘍支持療法領域,フィルグラスチム,競合B,競合B社製品,注射剤,1129,7121.8,8041496,0.3682
2024-10,腫瘍支持療法領域,フィルグラスチム,オリジナル,グラン（オリジナル）,注射剤,4927,9568.1,47146543,0.3956
2024-10,腫瘍支持療法領域,フィルグラスチム,自社,フィルグラスチムBS注「サンド」（自社合計）,注射剤,712,7087.5,5046542,0.3956
2024-10,腫瘍支持療法領域,フィルグラスチム,競合A,競合A社製品,注射剤,1384,7125.6,9865347,0.3956
2024-10,腫瘍支持療法領域,フィルグラスチム,競合B,競合B社製品,注射剤,1128,6999.7,7898165,0.3956
2024-11,腫瘍支持療法領域,フィルグラスチム,オリジナル,グラン（オリジナル）,注射剤,5070,9568.1,48511037,0.3924
2024-11,腫瘍支持療法領域,フィルグラスチム,自社,フィルグラスチムBS注「サンド」（自社合計）,注射剤,728,7087.5,5157658,0.3924
2024-11,腫瘍支持療法領域,フィルグラスチム,競合A,競合A社製品,注射剤,1504,6940.0,10440740,0.3924
2024-11,腫瘍支持療法領域,フィルグラスチム,競合B,競合B社製品,注射剤,1042,6745.5,7026485,0.3924
2024-12,腫瘍支持療法領域,フィルグラスチム,オリジナル,グラン（オリジナル）,注射剤,4793,9568.1,45864377,0.439
2024-12,腫瘍支持療法領域,フィルグラスチム,自社,フィルグラスチムBS注「サンド」（自社合計）,注射剤,839,7087.5,5943903,0.439
2024-12,腫瘍支持療法領域,フィルグラスチム,競合A,競合A社製品,注射剤,1433,7043.5,10092164,0.439
2024-12,腫瘍支持療法領域,フィルグラスチム,競合B,競合B社製品,注射剤,1480,7046.9,10429839,0.439
2025-01,腫瘍支持療法領域,フィルグラスチム,オリジナル,グラン（オリジナル）,注射剤,4812,9568.1,46039513,0.4174
2025-01,腫瘍支持療法領域,フィルグラスチム,自社,フィルグラスチムBS注「サンド」（自社合計）,注射剤,809,7087.5,5731882,0.4174
2025-01,腫瘍支持療法領域,フィルグラスチム,競合A,競合A社製品,注射剤,1493,6875.7,10263686,0.4174
2025-01,腫瘍支持療法領域,フィルグラスチム,競合B,競合B社製品,注射剤,1146,7186.6,8234817,0.4174
2025-02,腫瘍支持療法領域,フィルグラスチム,オリジナル,グラン（オリジナル）,注射剤,4803,9568.1,45955490,0.4443
2025-02,腫瘍支持療法領域,フィルグラスチム,自社,フィルグラスチムBS注「サンド」（自社合計）,注射剤,870,7087.5,6169182,0.4443
2025-02,腫瘍支持療法領域,フィルグラスチム,競合A,競合A社製品,注射剤,1621,7174.7,11630616,0.4443
2025-02,腫瘍支持療法領域,フィルグラスチム,競合B,競合B社製品,注射剤,1349,6842.2,9232332,0.4443
2025-03,腫瘍支持療法領域,フィルグラスチム,オリジナル,グラン（オリジナル）,注射剤,4939,9568.1,47252947,0.4519
2025-03,腫瘍支持療法領域,フィルグラスチム,自社,フィルグラスチムBS注「サンド」（自社合計）,注射剤,1017,7087.5,7204813,0.4519
2025-03,腫瘍支持療法領域,フィルグラスチム,競合A,競合A社製品,注射剤,1664,7323.9,12188696,0.4519
2025-03,腫瘍支持療法領域,フィルグラスチム,競合B,競合B社製品,注射剤,1391,6931.0,9638766,0.4519
2025-04,腫瘍支持療法領域,フィルグラスチム,オリジナル,グラン（オリジナル）,注射剤,4233,9281.1,39283477,0.4712
2025-04,腫瘍支持療法領域,フィルグラスチム,自社,フィルグラスチムBS注「サンド」（自社合計）,注射剤,844,6874.9,5800545,0.4712
2025-04,腫瘍支持療法領域,フィルグラスチム,競合A,競合A社製品,注射剤,1626,7041.6,11448788,0.4712
2025-04,腫瘍支持療法領域,フィルグラスチム,競合B,競合B社製品,注射剤,1302,6830.4,8892683,0.4712
2025-05,腫瘍支持療法領域,フィルグラスチム,オリジナル,グラン（オリジナル）,注射剤,4197,9281.1,38954953,0.4791
2025-05,腫瘍支持療法領域,フィルグラスチム,自社,フィルグラスチムBS注「サンド」（自社合計）,注射剤,867,6874.9,5960461,0.4791
2025-05,腫瘍支持療法領域,フィルグラスチム,競合A,競合A社製品,注射剤,1616,6863.7,11089793,0.4791
2025-05,腫瘍支持療法領域,フィルグラスチム,競合B,競合B社製品,注射剤,1378,6640.4,9149461,0.4791
2025-06,腫瘍支持療法領域,フィルグラスチム,オリジナル,グラン（オリジナル）,注射剤,4086,9281.1,37922201,0.4945
2025-06,腫瘍支持療法領域,フィルグラスチム,自社,フィルグラスチムBS注「サンド」（自社合計）,注射剤,918,6874.9,6307749,0.4945
2025-06,腫瘍支持療法領域,フィルグラスチム,競合A,競合A社製品,注射剤,1457,6982.8,10171003,0.4945
2025-06,腫瘍支持療法領域,フィルグラスチム,競合B,競合B社製品,注射剤,1622,6912.3,11215225,0.4945
2025-07,腫瘍支持療法領域,フィルグラスチム,オリジナル,グラン（オリジナル）,注射剤,4238,9281.1,39337753,0.486
2025-07,腫瘍支持療法領域,フィルグラスチム,自社,フィルグラスチムBS注「サンド」（自社合計）,注射剤,979,6874.9,6731412,0.486
2025-07,腫瘍支持療法領域,フィルグラスチム,競合A,競合A社製品,注射剤,1697,7202.5,12222868,0.486
2025-07,腫瘍支持療法領域,フィルグラスチム,競合B,競合B社製品,注射剤,1331,6932.6,9225887,0.486
2025-08,腫瘍支持療法領域,フィルグラスチム,オリジナル,グラン（オリジナル）,注射剤,4170,9281.1,38699578,0.5061
2025-08,腫瘍支持療法領域,フィルグラスチム,自社,フィルグラスチムBS注「サンド」（自社合計）,注射剤,1048,6874.9,7207249,0.5061
2025-08,腫瘍支持療法領域,フィルグラスチム,競合A,競合A社製品,注射剤,1834,7047.0,12922579,0.5061
2025-08,腫瘍支持療法領域,フィルグラスチム,競合B,競合B社製品,注射剤,1390,6803.2,9459365,0.5061
2025-09,腫瘍支持療法領域,フィルグラスチム,オリジナル,グラン（オリジナル）,注射剤,4069,9281.1,37760731,0.5108
2025-09,腫瘍支持療法領域,フィルグラスチム,自社,フィルグラスチムBS注「サンド」（自社合計）,注射剤,1046,6874.9,7193554,0.5108
2025-09,腫瘍支持療法領域,フィルグラスチム,競合A,競合A社製品,注射剤,1905,6811.8,12975868,0.5108
2025-09,腫瘍支持療法領域,フィルグラスチム,競合B,競合B社製品,注射剤,1297,6816.5,8840176,0.5108
2025-10,腫瘍支持療法領域,フィルグラスチム,オリジナル,グラン（オリジナル）,注射剤,4057,9281.1,37650383,0.5202
2025-10,腫瘍支持療法領域,フィルグラスチム,自社,フィルグラスチムBS注「サンド」（自社合計）,注射剤,1096,6874.9,7532957,0.5202
2025-10,腫瘍支持療法領域,フィルグラスチム,競合A,競合A社製品,注射剤,1593,6761.2,10772954,0.5202
2025-10,腫瘍支持療法領域,フィルグラスチム,競合B,競合B社製品,注射剤,1709,6767.3,11567288,0.5202
2025-11,腫瘍支持療法領域,フィルグラスチム,オリジナル,グラン（オリジナル）,注射剤,3856,9281.1,35791926,0.5194
2025-11,腫瘍支持療法領域,フィルグラスチム,自社,フィルグラスチムBS注「サンド」（自社合計）,注射剤,965,6874.9,6637481,0.5194
2025-11,腫瘍支持療法領域,フィルグラスチム,競合A,競合A社製品,注射剤,1742,7027.9,12242424,0.5194
2025-11,腫瘍支持療法領域,フィルグラスチム,競合B,競合B社製品,注射剤,1460,6841.2,9990713,0.5194
2025-12,腫瘍支持療法領域,フィルグラスチム,オリジナル,グラン（オリジナル）,注射剤,3845,9281.1,35681340,0.5342
2025-12,腫瘍支持療法領域,フィルグラスチム,自社,フィルグラスチムBS注「サンド」（自社合計）,注射剤,1113,6874.9,7653396,0.5342
2025-12,腫瘍支持療法領域,フィルグラスチム,競合A,競合A社製品,注射剤,1716,6749.7,11583672,0.5342
2025-12,腫瘍支持療法領域,フィルグラスチム,競合B,競合B社製品,注射剤,1580,6951.7,10980846,0.5342
2026-01,腫瘍支持療法領域,フィルグラスチム,オリジナル,グラン（オリジナル）,注射剤,3812,9281.1,35375353,0.5464
2026-01,腫瘍支持療法領域,フィルグラスチム,自社,フィルグラスチムBS注「サンド」（自社合計）,注射剤,1116,6874.9,7671493,0.5464
2026-01,腫瘍支持療法領域,フィルグラスチム,競合A,競合A社製品,注射剤,1984,6732.6,13360067,0.5464
2026-01,腫瘍支持療法領域,フィルグラスチム,競合B,競合B社製品,注射剤,1491,6873.2,10245220,0.5464
2026-02,腫瘍支持療法領域,フィルグラスチム,オリジナル,グラン（オリジナル）,注射剤,3936,9281.1,36532823,0.5323
2026-02,腫瘍支持療法領域,フィルグラスチム,自社,フィルグラスチムBS注「サンド」（自社合計）,注射剤,1025,6874.9,7046618,0.5323
2026-02,腫瘍支持療法領域,フィルグラスチム,競合A,競合A社製品,注射剤,1972,6826.6,13459505,0.5323
2026-02,腫瘍支持療法領域,フィルグラスチム,競合B,競合B社製品,注射剤,1484,6734.3,9992998,0.5323
2026-03,腫瘍支持療法領域,フィルグラスチム,オリジナル,グラン（オリジナル）,注射剤,4016,9281.1,37273324,0.5599
2026-03,腫瘍支持療法領域,フィルグラスチム,自社,フィルグラスチムBS注「サンド」（自社合計）,注射剤,1138,6874.9,7824560,0.5599
2026-03,腫瘍支持療法領域,フィルグラスチム,競合A,競合A社製品,注射剤,2005,6748.0,13532659,0.5599
2026-03,腫瘍支持療法領域,フィルグラスチム,競合B,競合B社製品,注射剤,1965,7075.8,13903447,0.5599
2026-04,腫瘍支持療法領域,フィルグラスチム,オリジナル,グラン（オリジナル）,注射剤,3564,8724.2,31096847,0.5599
2026-04,腫瘍支持療法領域,フィルグラスチム,自社,フィルグラスチムBS注「サンド」（自社合計）,注射剤,1067,6462.4,6898432,0.5599
2026-04,腫瘍支持療法領域,フィルグラスチム,競合A,競合A社製品,注射剤,1791,6520.3,11674879,0.5599
2026-04,腫瘍支持療法領域,フィルグラスチム,競合B,競合B社製品,注射剤,1677,6469.9,10848302,0.5599
2026-05,腫瘍支持療法領域,フィルグラスチム,オリジナル,グラン（オリジナル）,注射剤,3832,8724.2,33428085,0.5536
2026-05,腫瘍支持療法領域,フィルグラスチム,自社,フィルグラスチムBS注「サンド」（自社合計）,注射剤,1192,6462.4,7700814,0.5536
2026-05,腫瘍支持療法領域,フィルグラスチム,競合A,競合A社製品,注射剤,1975,6562.9,12961213,0.5536
2026-05,腫瘍支持療法領域,フィルグラスチム,競合B,競合B社製品,注射剤,1585,6566.7,10409109,0.5536
2023-01,免疫炎症領域,インフリキシマブ,オリジナル,レミケード（オリジナル）,注射剤,3321,48600.0,161392459,0.0194
2023-01,免疫炎症領域,インフリキシマブ,自社,インフリキシマブBS点滴静注用「サンド」（自社合計）,注射剤,12,36000.0,449952,0.0194
2023-01,免疫炎症領域,インフリキシマブ,競合A,競合A社製品,注射剤,31,35265.2,1100314,0.0194
2023-01,免疫炎症領域,インフリキシマブ,競合B,競合B社製品,注射剤,22,34660.9,765196,0.0194
2023-02,免疫炎症領域,インフリキシマブ,オリジナル,レミケード（オリジナル）,注射剤,3318,48600.0,161236901,0.0555
2023-02,免疫炎症領域,インフリキシマブ,自社,インフリキシマブBS点滴静注用「サンド」（自社合計）,注射剤,39,36000.0,1397475,0.0555
2023-02,免疫炎症領域,インフリキシマブ,競合A,競合A社製品,注射剤,88,35732.4,3157712,0.0555
2023-02,免疫炎症領域,インフリキシマブ,競合B,競合B社製品,注射剤,68,35356.9,2400834,0.0555
2023-03,免疫炎症領域,インフリキシマブ,オリジナル,レミケード（オリジナル）,注射剤,3611,48600.0,175515511,0.048
2023-03,免疫炎症領域,インフリキシマブ,自社,インフリキシマブBS点滴静注用「サンド」（自社合計）,注射剤,31,36000.0,1125552,0.048
2023-03,免疫炎症領域,インフリキシマブ,競合A,競合A社製品,注射剤,92,37285.3,3435045,0.048
2023-03,免疫炎症領域,インフリキシマブ,競合B,競合B社製品,注射剤,59,36818.0,2155346,0.048
2023-04,免疫炎症領域,インフリキシマブ,オリジナル,レミケード（オリジナル）,注射剤,3068,48600.0,149102471,0.0646
2023-04,免疫炎症領域,インフリキシマブ,自社,インフリキシマブBS点滴静注用「サンド」（自社合計）,注射剤,40,36000.0,1445535,0.0646
2023-04,免疫炎症領域,インフリキシマブ,競合A,競合A社製品,注射剤,97,36899.8,3571975,0.0646
2023-04,免疫炎症領域,インフリキシマブ,競合B,競合B社製品,注射剤,75,36457.5,2736255,0.0646
2023-05,免疫炎症領域,インフリキシマブ,オリジナル,レミケード（オリジナル）,注射剤,3332,48600.0,161941345,0.068
2023-05,免疫炎症領域,インフリキシマブ,自社,インフリキシマブBS点滴静注用「サンド」（自社合計）,注射剤,46,36000.0,1640774,0.068
2023-05,免疫炎症領域,インフリキシマブ,競合A,競合A社製品,注射剤,98,36060.2,3538109,0.068
2023-05,免疫炎症領域,インフリキシマブ,競合B,競合B社製品,注射剤,100,35599.5,3542273,0.068
2023-06,免疫炎症領域,インフリキシマブ,オリジナル,レミケード（オリジナル）,注射剤,3148,48600.0,153000336,0.0845
2023-06,免疫炎症領域,インフリキシマブ,自社,インフリキシマブBS点滴静注用「サンド」（自社合計）,注射剤,59,36000.0,2115636,0.0845
2023-06,免疫炎症領域,インフリキシマブ,競合A,競合A社製品,注射剤,137,36183.8,4953888,0.0845
2023-06,免疫炎症領域,インフリキシマブ,競合B,競合B社製品,注射剤,95,36972.5,3506291,0.0845
2023-07,免疫炎症領域,インフリキシマブ,オリジナル,レミケード（オリジナル）,注射剤,3266,48600.0,158744918,0.0762
2023-07,免疫炎症領域,インフリキシマブ,自社,インフリキシマブBS点滴静注用「サンド」（自社合計）,注射剤,47,36000.0,1697365,0.0762
2023-07,免疫炎症領域,インフリキシマブ,競合A,競合A社製品,注射剤,125,36043.5,4499720,0.0762
2023-07,免疫炎症領域,インフリキシマブ,競合B,競合B社製品,注射剤,97,35062.1,3412665,0.0762
2023-08,免疫炎症領域,インフリキシマブ,オリジナル,レミケード（オリジナル）,注射剤,3253,48600.0,158095820,0.0803
2023-08,免疫炎症領域,インフリキシマブ,自社,インフリキシマブBS点滴静注用「サンド」（自社合計）,注射剤,58,36000.0,2095958,0.0803
2023-08,免疫炎症領域,インフリキシマブ,競合A,競合A社製品,注射剤,130,36008.2,4690351,0.0803
2023-08,免疫炎症領域,インフリキシマブ,競合B,競合B社製品,注射剤,96,36179.1,3457283,0.0803
2023-09,免疫炎症領域,インフリキシマブ,オリジナル,レミケード（オリジナル）,注射剤,3243,48600.0,157588040,0.0865
2023-09,免疫炎症領域,インフリキシマブ,自社,インフリキシマブBS点滴静注用「サンド」（自社合計）,注射剤,54,36000.0,1958760,0.0865
2023-09,免疫炎症領域,インフリキシマブ,競合A,競合A社製品,注射剤,138,35462.8,4887923,0.0865
2023-09,免疫炎症領域,インフリキシマブ,競合B,競合B社製品,注射剤,115,35099.8,4031344,0.0865
2023-10,免疫炎症領域,インフリキシマブ,オリジナル,レミケード（オリジナル）,注射剤,3228,48600.0,156901824,0.1004
2023-10,免疫炎症領域,インフリキシマブ,自社,インフリキシマブBS点滴静注用「サンド」（自社合計）,注射剤,62,36000.0,2219474,0.1004
2023-10,免疫炎症領域,インフリキシマブ,競合A,競合A社製品,注射剤,163,36716.9,5989789,0.1004
2023-10,免疫炎症領域,インフリキシマブ,競合B,競合B社製品,注射剤,135,36762.6,4980302,0.1004
2023-11,免疫炎症領域,インフリキシマブ,オリジナル,レミケード（オリジナル）,注射剤,3249,48600.0,157898664,0.1053
2023-11,免疫炎症領域,インフリキシマブ,自社,インフリキシマブBS点滴静注用「サンド」（自社合計）,注射剤,69,36000.0,2498608,0.1053
2023-11,免疫炎症領域,インフリキシマブ,競合A,競合A社製品,注射剤,162,36248.1,5869206,0.1053
2023-11,免疫炎症領域,インフリキシマブ,競合B,競合B社製品,注射剤,151,36273.1,5476265,0.1053
2023-12,免疫炎症領域,インフリキシマブ,オリジナル,レミケード（オリジナル）,注射剤,3200,48600.0,155504768,0.1248
2023-12,免疫炎症領域,インフリキシマブ,自社,インフリキシマブBS点滴静注用「サンド」（自社合計）,注射剤,87,36000.0,3115053,0.1248
2023-12,免疫炎症領域,インフリキシマブ,競合A,競合A社製品,注射剤,190,35770.2,6779028,0.1248
2023-12,免疫炎症領域,インフリキシマブ,競合B,競合B社製品,注射剤,180,36156.4,6513424,0.1248
2024-01,免疫炎症領域,インフリキシマブ,オリジナル,レミケード（オリジナル）,注射剤,3138,48600.0,152521604,0.1174
2024-01,免疫炎症領域,インフリキシマブ,自社,インフリキシマブBS点滴静注用「サンド」（自社合計）,注射剤,81,36000.0,2922134,0.1174
2024-01,免疫炎症領域,インフリキシマブ,競合A,競合A社製品,注射剤,180,35547.8,6390483,0.1174
2024-01,免疫炎症領域,インフリキシマブ,競合B,競合B社製品,注射剤,156,36224.2,5662743,0.1174
2024-02,免疫炎症領域,インフリキシマブ,オリジナル,レミケード（オリジナル）,注射剤,3067,48600.0,149056039,0.1354
2024-02,免疫炎症領域,インフリキシマブ,自社,インフリキシマブBS点滴静注用「サンド」（自社合計）,注射剤,94,36000.0,3383305,0.1354
2024-02,免疫炎症領域,インフリキシマブ,競合A,競合A社製品,注射剤,199,35653.5,7101916,0.1354
2024-02,免疫炎症領域,インフリキシマブ,競合B,競合B社製品,注射剤,187,37035.2,6924710,0.1354
2024-03,免疫炎症領域,インフリキシマブ,オリジナル,レミケード（オリジナル）,注射剤,3318,48600.0,161239310,0.1219
2024-03,免疫炎症領域,インフリキシマブ,自社,インフリキシマブBS点滴静注用「サンド」（自社合計）,注射剤,81,36000.0,2909107,0.1219
2024-03,免疫炎症領域,インフリキシマブ,競合A,競合A社製品,注射剤,209,36022.3,7539612,0.1219
2024-03,免疫炎症領域,インフリキシマブ,競合B,競合B社製品,注射剤,171,35915.3,6128793,0.1219
2024-04,免疫炎症領域,インフリキシマブ,オリジナル,レミケード（オリジナル）,注射剤,3048,45927.0,139983539,0.1269
2024-04,免疫炎症領域,インフリキシマブ,自社,インフリキシマブBS点滴静注用「サンド」（自社合計）,注射剤,88,34020.0,2999447,0.1269
2024-04,免疫炎症領域,インフリキシマブ,競合A,競合A社製品,注射剤,212,33252.7,7045044,0.1269
2024-04,免疫炎症領域,インフリキシマブ,競合B,競合B社製品,注射剤,143,33761.6,4831633,0.1269
2024-05,免疫炎症領域,インフリキシマブ,オリジナル,レミケード（オリジナル）,注射剤,2989,45927.0,137267673,0.1556
2024-05,免疫炎症領域,インフリキシマブ,自社,インフリキシマブBS点滴静注用「サンド」（自社合計）,注射剤,106,34020.0,3610949,0.1556
2024-05,免疫炎症領域,インフリキシマブ,競合A,競合A社製品,注射剤,264,35270.2,9295430,0.1556
2024-05,免疫炎症領域,インフリキシマブ,競合B,競合B社製品,注射剤,181,33791.4,6116796,0.1556
2024-06,免疫炎症領域,インフリキシマブ,オリジナル,レミケード（オリジナル）,注射剤,3079,45927.0,141409223,0.176
2024-06,免疫炎症領域,インフリキシマブ,自社,インフリキシマブBS点滴静注用「サンド」（自社合計）,注射剤,141,34020.0,4800449,0.176
2024-06,免疫炎症領域,インフリキシマブ,競合A,競合A社製品,注射剤,283,34109.2,9642494,0.176
2024-06,免疫炎症領域,インフリキシマブ,競合B,競合B社製品,注射剤,234,34268.7,8016300,0.176
2024-07,免疫炎症領域,インフリキシマブ,オリジナル,レミケード（オリジナル）,注射剤,3085,45927.0,141686471,0.1955
2024-07,免疫炎症領域,インフリキシマブ,自社,インフリキシマブBS点滴静注用「サンド」（自社合計）,注射剤,143,34020.0,4869663,0.1955
2024-07,免疫炎症領域,インフリキシマブ,競合A,競合A社製品,注射剤,351,33773.8,11863013,0.1955
2024-07,免疫炎症領域,インフリキシマブ,競合B,競合B社製品,注射剤,255,33686.8,8601086,0.1955
2024-08,免疫炎症領域,インフリキシマブ,オリジナル,レミケード（オリジナル）,注射剤,2946,45927.0,135310056,0.1988
2024-08,免疫炎症領域,インフリキシマブ,自社,インフリキシマブBS点滴静注用「サンド」（自社合計）,注射剤,147,34020.0,5017498,0.1988
2024-08,免疫炎症領域,インフリキシマブ,競合A,競合A社製品,注射剤,321,34249.0,10998255,0.1988
2024-08,免疫炎症領域,インフリキシマブ,競合B,競合B社製品,注射剤,262,34309.1,8999103,0.1988
2024-09,免疫炎症領域,インフリキシマブ,オリジナル,レミケード（オリジナル）,注射剤,2724,45927.0,125100210,0.2167
2024-09,免疫炎症領域,インフリキシマブ,自社,インフリキシマブBS点滴静注用「サンド」（自社合計）,注射剤,143,34020.0,4874519,0.2167
2024-09,免疫炎症領域,インフリキシマブ,競合A,競合A社製品,注射剤,309,33980.3,10505720,0.2167
2024-09,免疫炎症領域,インフリキシマブ,競合B,競合B社製品,注射剤,301,34077.1,10255778,0.2167
2024-10,免疫炎症領域,インフリキシマブ,オリジナル,レミケード（オリジナル）,注射剤,2752,45927.0,126385311,0.2298
2024-10,免疫炎症領域,インフリキシマブ,自社,インフリキシマブBS点滴静注用「サンド」（自社合計）,注射剤,154,34020.0,5240965,0.2298
2024-10,免疫炎症領域,インフリキシマブ,競合A,競合A社製品,注射剤,359,33622.1,12064639,0.2298
2024-10,免疫炎症領域,インフリキシマブ,競合B,競合B社製品,注射剤,308,33988.3,10481978,0.2298
2024-11,免疫炎症領域,インフリキシマブ,オリジナル,レミケード（オリジナル）,注射剤,2836,45927.0,130250567,0.2229
2024-11,免疫炎症領域,インフリキシマブ,自社,インフリキシマブBS点滴静注用「サンド」（自社合計）,注射剤,170,34020.0,5791628,0.2229
2024-11,免疫炎症領域,インフリキシマブ,競合A,競合A社製品,注射剤,355,32732.7,11622340,0.2229
2024-11,免疫炎症領域,インフリキシマブ,競合B,競合B社製品,注射剤,288,32687.4,9423745,0.2229
2024-12,免疫炎症領域,インフリキシマブ,オリジナル,レミケード（オリジナル）,注射剤,2754,45927.0,126505062,0.2421
2024-12,免疫炎症領域,インフリキシマブ,自社,インフリキシマブBS点滴静注用「サンド」（自社合計）,注射剤,178,34020.0,6046501,0.2421
2024-12,免疫炎症領域,インフリキシマブ,競合A,競合A社製品,注射剤,386,34173.5,13179589,0.2421
2024-12,免疫炎症領域,インフリキシマブ,競合B,競合B社製品,注射剤,317,34664.8,10975489,0.2421
2025-01,免疫炎症領域,インフリキシマブ,オリジナル,レミケード（オリジナル）,注射剤,2693,45927.0,123663804,0.2437
2025-01,免疫炎症領域,インフリキシマブ,自社,インフリキシマブBS点滴静注用「サンド」（自社合計）,注射剤,168,34020.0,5700243,0.2437
2025-01,免疫炎症領域,インフリキシマブ,競合A,競合A社製品,注射剤,391,34867.1,13641369,0.2437
2025-01,免疫炎症領域,インフリキシマブ,競合B,競合B社製品,注射剤,309,33726.5,10423812,0.2437
2025-02,免疫炎症領域,インフリキシマブ,オリジナル,レミケード（オリジナル）,注射剤,2601,45927.0,119461881,0.2493
2025-02,免疫炎症領域,インフリキシマブ,自社,インフリキシマブBS点滴静注用「サンド」（自社合計）,注射剤,170,34020.0,5779388,0.2493
2025-02,免疫炎症領域,インフリキシマブ,競合A,競合A社製品,注射剤,370,33742.1,12485978,0.2493
2025-02,免疫炎症領域,インフリキシマブ,競合B,競合B社製品,注射剤,324,34046.3,11026588,0.2493
2025-03,免疫炎症領域,インフリキシマブ,オリジナル,レミケード（オリジナル）,注射剤,2794,45927.0,128331608,0.2874
2025-03,免疫炎症領域,インフリキシマブ,自社,インフリキシマブBS点滴静注用「サンド」（自社合計）,注射剤,225,34020.0,7638013,0.2874
2025-03,免疫炎症領域,インフリキシマブ,競合A,競合A社製品,注射剤,473,34345.8,16243731,0.2874
2025-03,免疫炎症領域,インフリキシマブ,競合B,競合B社製品,注射剤,429,32975.1,14159473,0.2874
2025-04,免疫炎症領域,インフリキシマブ,オリジナル,レミケード（オリジナル）,注射剤,2494,44549.2,111114289,0.2881
2025-04,免疫炎症領域,インフリキシマブ,自社,インフリキシマブBS点滴静注用「サンド」（自社合計）,注射剤,207,32999.4,6845976,0.2881
2025-04,免疫炎症領域,インフリキシマブ,競合A,競合A社製品,注射剤,479,32588.8,15619128,0.2881
2025-04,免疫炎症領域,インフリキシマブ,競合B,競合B社製品,注射剤,323,34359.2,11086436,0.2881
2025-05,免疫炎症領域,インフリキシマブ,オリジナル,レミケード（オリジナル）,注射剤,2612,44549.2,116377150,0.2841
2025-05,免疫炎症領域,インフリキシマブ,自社,インフリキシマブBS点滴静注用「サンド」（自社合計）,注射剤,216,32999.4,7139426,0.2841
2025-05,免疫炎症領域,インフリキシマブ,競合A,競合A社製品,注射剤,425,32503.3,13803640,0.2841
2025-05,免疫炎症領域,インフリキシマブ,競合B,競合B社製品,注射剤,396,33261.4,13159063,0.2841
2025-06,免疫炎症領域,インフリキシマブ,オリジナル,レミケード（オリジナル）,注射剤,2599,44549.2,115768846,0.3
2025-06,免疫炎症領域,インフリキシマブ,自社,インフリキシマブBS点滴静注用「サンド」（自社合計）,注射剤,244,32999.4,8043880,0.3
2025-06,免疫炎症領域,インフリキシマブ,競合A,競合A社製品,注射剤,509,33947.3,17268076,0.3
2025-06,免疫炎症領域,インフリキシマブ,競合B,競合B社製品,注射剤,361,33348.8,12047646,0.3
2025-07,免疫炎症領域,インフリキシマブ,オリジナル,レミケード（オリジナル）,注射剤,2659,44549.2,118434727,0.2963
2025-07,免疫炎症領域,インフリキシマブ,自社,インフリキシマブBS点滴静注用「サンド」（自社合計）,注射剤,232,32999.4,7639880,0.2963
2025-07,免疫炎症領域,インフリキシマブ,競合A,競合A社製品,注射剤,465,33078.1,15389357,0.2963
2025-07,免疫炎症領域,インフリキシマブ,競合B,競合B社製品,注射剤,423,32622.3,13787558,0.2963
2025-08,免疫炎症領域,インフリキシマブ,オリジナル,レミケード（オリジナル）,注射剤,2415,44549.2,107566227,0.3423
2025-08,免疫炎症領域,インフリキシマブ,自社,インフリキシマブBS点滴静注用「サンド」（自社合計）,注射剤,263,32999.4,8681355,0.3423
2025-08,免疫炎症領域,インフリキシマブ,競合A,競合A社製品,注射剤,559,32846.1,18359314,0.3423
2025-08,免疫炎症領域,インフリキシマブ,競合B,競合B社製品,注射剤,435,33049.4,14372869,0.3423
2025-09,免疫炎症領域,インフリキシマブ,オリジナル,レミケード（オリジナル）,注射剤,2451,44549.2,109169549,0.3359
2025-09,免疫炎症領域,インフリキシマブ,自社,インフリキシマブBS点滴静注用「サンド」（自社合計）,注射剤,277,32999.4,9149475,0.3359
2025-09,免疫炎症領域,インフリキシマブ,競合A,競合A社製品,注射剤,577,33203.7,19155377,0.3359
2025-09,免疫炎症領域,インフリキシマブ,競合B,競合B社製品,注射剤,386,33388.5,12872272,0.3359
2025-10,免疫炎症領域,インフリキシマブ,オリジナル,レミケード（オリジナル）,注射剤,2390,44549.2,106485437,0.338
2025-10,免疫炎症領域,インフリキシマブ,自社,インフリキシマブBS点滴静注用「サンド」（自社合計）,注射剤,271,32999.4,8957648,0.338
2025-10,免疫炎症領域,インフリキシマブ,競合A,競合A社製品,注射剤,547,33139.1,18115446,0.338
2025-10,免疫炎症領域,インフリキシマブ,競合B,競合B社製品,注射剤,402,33584.4,13515346,0.338
2025-11,免疫炎症領域,インフリキシマブ,オリジナル,レミケード（オリジナル）,注射剤,2401,44549.2,106941896,0.3579
2025-11,免疫炎症領域,インフリキシマブ,自社,インフリキシマブBS点滴静注用「サンド」（自社合計）,注射剤,290,32999.4,9575048,0.3579
2025-11,免疫炎症領域,インフリキシマブ,競合A,競合A社製品,注射剤,565,33221.1,18770513,0.3579
2025-11,免疫炎症領域,インフリキシマブ,競合B,競合B社製品,注射剤,483,31065.2,14992517,0.3579
2025-12,免疫炎症領域,インフリキシマブ,オリジナル,レミケード（オリジナル）,注射剤,2556,44549.2,113882236,0.3159
2025-12,免疫炎症領域,インフリキシマブ,自社,インフリキシマブBS点滴静注用「サンド」（自社合計）,注射剤,233,32999.4,7701977,0.3159
2025-12,免疫炎症領域,インフリキシマブ,競合A,競合A社製品,注射剤,534,33314.6,17775274,0.3159
2025-12,免疫炎症領域,インフリキシマブ,競合B,競合B社製品,注射剤,413,32232.2,13318917,0.3159
2026-01,免疫炎症領域,インフリキシマブ,オリジナル,レミケード（オリジナル）,注射剤,2299,44549.2,102423905,0.3721
2026-01,免疫炎症領域,インフリキシマブ,自社,インフリキシマブBS点滴静注用「サンド」（自社合計）,注射剤,288,32999.4,9492078,0.3721
2026-01,免疫炎症領域,インフリキシマブ,競合A,競合A社製品,注射剤,663,32998.1,21888209,0.3721
2026-01,免疫炎症領域,インフリキシマブ,競合B,競合B社製品,注射剤,411,33268.7,13681750,0.3721
2026-02,免疫炎症領域,インフリキシマブ,オリジナル,レミケード（オリジナル）,注射剤,2438,44549.2,108609573,0.3652
2026-02,免疫炎症領域,インフリキシマブ,自社,インフリキシマブBS点滴静注用「サンド」（自社合計）,注射剤,290,32999.4,9580584,0.3652
2026-02,免疫炎症領域,インフリキシマブ,競合A,競合A社製品,注射剤,608,32975.9,20054091,0.3652
2026-02,免疫炎症領域,インフリキシマブ,競合B,競合B社製品,注射剤,504,32098.7,16185120,0.3652
2026-03,免疫炎症領域,インフリキシマブ,オリジナル,レミケード（オリジナル）,注射剤,2556,44549.2,113871251,0.3616
2026-03,免疫炎症領域,インフリキシマブ,自社,インフリキシマブBS点滴静注用「サンド」（自社合計）,注射剤,329,32999.4,10858078,0.3616
2026-03,免疫炎症領域,インフリキシマブ,競合A,競合A社製品,注射剤,617,32812.8,20231239,0.3616
2026-03,免疫炎症領域,インフリキシマブ,競合B,競合B社製品,注射剤,502,32929.3,16542073,0.3616
2026-04,免疫炎症領域,インフリキシマブ,オリジナル,レミケード（オリジナル）,注射剤,2209,41876.2,92486625,0.3799
2026-04,免疫炎症領域,インフリキシマブ,自社,インフリキシマブBS点滴静注用「サンド」（自社合計）,注射剤,283,31019.4,8773531,0.3799
2026-04,免疫炎症領域,インフリキシマブ,競合A,競合A社製品,注射剤,555,31704.8,17605478,0.3799
2026-04,免疫炎症領域,インフリキシマブ,競合B,競合B社製品,注射剤,515,30763.6,15847811,0.3799
2026-05,免疫炎症領域,インフリキシマブ,オリジナル,レミケード（オリジナル）,注射剤,2243,41876.2,93934572,0.3825
2026-05,免疫炎症領域,インフリキシマブ,自社,インフリキシマブBS点滴静注用「サンド」（自社合計）,注射剤,312,31019.4,9683670,0.3825
2026-05,免疫炎症領域,インフリキシマブ,競合A,競合A社製品,注射剤,543,31161.8,16926178,0.3825
2026-05,免疫炎症領域,インフリキシマブ,競合B,競合B社製品,注射剤,534,31475.8,16820061,0.3825
