period,sku_id,product_name,facility_type,quantity,amount_jpy
2023-01,SKU0101,メトグルコGE「サンド」,調剤薬局,16487,158273
2023-01,SKU0101,メトグルコGE「サンド」,病院,9062,86991
2023-01,SKU0101,メトグルコGE「サンド」,診療所,4259,40888
2023-01,SKU0102,メトグルコGE「サンド」,調剤薬局,20125,193196
2023-01,SKU0102,メトグルコGE「サンド」,病院,10770,103396
2023-01,SKU0102,メトグルコGE「サンド」,診療所,5356,51416
2023-02,SKU0101,メトグルコGE「サンド」,調剤薬局,16267,156161
2023-02,SKU0101,メトグルコGE「サンド」,病院,9031,86695
2023-02,SKU0101,メトグルコGE「サンド」,診療所,4556,43740
2023-02,SKU0102,メトグルコGE「サンド」,調剤薬局,19797,190053
2023-02,SKU0102,メトグルコGE「サンド」,病院,10355,99403
2023-02,SKU0102,メトグルコGE「サンド」,診療所,5249,50393
2023-03,SKU0101,メトグルコGE「サンド」,調剤薬局,18890,181349
2023-03,SKU0101,メトグルコGE「サンド」,病院,10109,97045
2023-03,SKU0101,メトグルコGE「サンド」,診療所,5056,48536
2023-03,SKU0102,メトグルコGE「サンド」,調剤薬局,22347,214535
2023-03,SKU0102,メトグルコGE「サンド」,病院,11874,113994
2023-03,SKU0102,メトグルコGE「サンド」,診療所,5818,55849
2023-04,SKU0101,メトグルコGE「サンド」,調剤薬局,15646,150203
2023-04,SKU0101,メトグルコGE「サンド」,病院,8806,84538
2023-04,SKU0101,メトグルコGE「サンド」,診療所,4321,41484
2023-04,SKU0102,メトグルコGE「サンド」,調剤薬局,18582,178383
2023-04,SKU0102,メトグルコGE「サンド」,病院,10235,98253
2023-04,SKU0102,メトグルコGE「サンド」,診療所,4960,47617
2023-05,SKU0101,メトグルコGE「サンド」,調剤薬局,17844,171300
2023-05,SKU0101,メトグルコGE「サンド」,病院,9625,92402
2023-05,SKU0101,メトグルコGE「サンド」,診療所,4582,43989
2023-05,SKU0102,メトグルコGE「サンド」,調剤薬局,20775,199444
2023-05,SKU0102,メトグルコGE「サンド」,病院,10699,102709
2023-05,SKU0102,メトグルコGE「サンド」,診療所,5161,49549
2023-06,SKU0101,メトグルコGE「サンド」,調剤薬局,16779,161078
2023-06,SKU0101,メトグルコGE「サンド」,病院,9159,87926
2023-06,SKU0101,メトグルコGE「サンド」,診療所,4732,45423
2023-06,SKU0102,メトグルコGE「サンド」,調剤薬局,19276,185049
2023-06,SKU0102,メトグルコGE「サンド」,病院,10494,100743
2023-06,SKU0102,メトグルコGE「サンド」,診療所,5399,51832
2023-07,SKU0101,メトグルコGE「サンド」,調剤薬局,16593,159294
2023-07,SKU0101,メトグルコGE「サンド」,病院,9044,86826
2023-07,SKU0101,メトグルコGE「サンド」,診療所,4535,43534
2023-07,SKU0102,メトグルコGE「サンド」,調剤薬局,18453,177150
2023-07,SKU0102,メトグルコGE「サンド」,病院,9258,88874
2023-07,SKU0102,メトグルコGE「サンド」,診療所,4887,46918
2023-08,SKU0101,メトグルコGE「サンド」,調剤薬局,16854,161800
2023-08,SKU0101,メトグルコGE「サンド」,病院,9847,94533
2023-08,SKU0101,メトグルコGE「サンド」,診療所,4918,47209
2023-08,SKU0102,メトグルコGE「サンド」,調剤薬局,20169,193627
2023-08,SKU0102,メトグルコGE「サンド」,病院,11047,106051
2023-08,SKU0102,メトグルコGE「サンド」,診療所,5366,51513
2023-09,SKU0101,メトグルコGE「サンド」,調剤薬局,18800,180483
2023-09,SKU0101,メトグルコGE「サンド」,病院,10563,101400
2023-09,SKU0101,メトグルコGE「サンド」,診療所,5123,49181
2023-09,SKU0102,メトグルコGE「サンド」,調剤薬局,20348,195340
2023-09,SKU0102,メトグルコGE「サンド」,病院,11428,109706
2023-09,SKU0102,メトグルコGE「サンド」,診療所,5457,52385
2023-10,SKU0101,メトグルコGE「サンド」,調剤薬局,18528,177865
2023-10,SKU0101,メトグルコGE「サンド」,病院,10068,96653
2023-10,SKU0101,メトグルコGE「サンド」,診療所,4792,46007
2023-10,SKU0102,メトグルコGE「サンド」,調剤薬局,19515,187344
2023-10,SKU0102,メトグルコGE「サンド」,病院,10559,101368
2023-10,SKU0102,メトグルコGE「サンド」,診療所,5187,49795
2023-11,SKU0101,メトグルコGE「サンド」,調剤薬局,18204,174758
2023-11,SKU0101,メトグルコGE「サンド」,病院,9900,95039
2023-11,SKU0101,メトグルコGE「サンド」,診療所,4999,47990
2023-11,SKU0102,メトグルコGE「サンド」,調剤薬局,19510,187295
2023-11,SKU0102,メトグルコGE「サンド」,病院,10171,97643
2023-11,SKU0102,メトグルコGE「サンド」,診療所,5304,50922
2023-12,SKU0101,メトグルコGE「サンド」,調剤薬局,19667,188806
2023-12,SKU0101,メトグルコGE「サンド」,病院,11075,106315
2023-12,SKU0101,メトグルコGE「サンド」,診療所,5590,53661
2023-12,SKU0102,メトグルコGE「サンド」,調剤薬局,22214,213252
2023-12,SKU0102,メトグルコGE「サンド」,病院,10822,103892
2023-12,SKU0102,メトグルコGE「サンド」,診療所,5894,56578
2024-01,SKU0101,メトグルコGE「サンド」,調剤薬局,19868,190736
2024-01,SKU0101,メトグルコGE「サンド」,病院,10922,104850
2024-01,SKU0101,メトグルコGE「サンド」,診療所,5414,51970
2024-01,SKU0102,メトグルコGE「サンド」,調剤薬局,19963,191648
2024-01,SKU0102,メトグルコGE「サンド」,病院,10696,102683
2024-01,SKU0102,メトグルコGE「サンド」,診療所,5607,53829
2024-02,SKU0101,メトグルコGE「サンド」,調剤薬局,20732,199029
2024-02,SKU0101,メトグルコGE「サンド」,病院,11855,113807
2024-02,SKU0101,メトグルコGE「サンド」,診療所,5622,53970
2024-02,SKU0102,メトグルコGE「サンド」,調剤薬局,20546,197241
2024-02,SKU0102,メトグルコGE「サンド」,病院,10866,104315
2024-02,SKU0102,メトグルコGE「サンド」,診療所,5690,54626
2024-03,SKU0101,メトグルコGE「サンド」,調剤薬局,21953,210745
2024-03,SKU0101,メトグルコGE「サンド」,病院,11450,109919
2024-03,SKU0101,メトグルコGE「サンド」,診療所,5704,54762
2024-03,SKU0102,メトグルコGE「サンド」,調剤薬局,19578,187953
2024-03,SKU0102,メトグルコGE「サンド」,病院,10973,105337
2024-03,SKU0102,メトグルコGE「サンド」,診療所,5260,50499
2024-04,SKU0101,メトグルコGE「サンド」,調剤薬局,18942,171843
2024-04,SKU0101,メトグルコGE「サンド」,病院,10695,97027
2024-04,SKU0101,メトグルコGE「サンド」,診療所,5522,50093
2024-04,SKU0102,メトグルコGE「サンド」,調剤薬局,19986,181317
2024-04,SKU0102,メトグルコGE「サンド」,病院,9877,89608
2024-04,SKU0102,メトグルコGE「サンド」,診療所,5244,47570
2024-05,SKU0101,メトグルコGE「サンド」,調剤薬局,21149,191860
2024-05,SKU0101,メトグルコGE「サンド」,病院,11400,103420
2024-05,SKU0101,メトグルコGE「サンド」,診療所,5800,52620
2024-05,SKU0102,メトグルコGE「サンド」,調剤薬局,19572,177559
2024-05,SKU0102,メトグルコGE「サンド」,病院,10691,96991
2024-05,SKU0102,メトグルコGE「サンド」,診療所,5263,47743
2024-06,SKU0101,メトグルコGE「サンド」,調剤薬局,19353,175572
2024-06,SKU0101,メトグルコGE「サンド」,病院,10508,95330
2024-06,SKU0101,メトグルコGE「サンド」,診療所,5617,50959
2024-06,SKU0102,メトグルコGE「サンド」,調剤薬局,18326,166252
2024-06,SKU0102,メトグルコGE「サンド」,病院,9899,89807
2024-06,SKU0102,メトグルコGE「サンド」,診療所,5041,45733
2024-07,SKU0101,メトグルコGE「サンド」,調剤薬局,23037,208996
2024-07,SKU0101,メトグルコGE「サンド」,病院,12340,111945
2024-07,SKU0101,メトグルコGE「サンド」,診療所,6016,54575
2024-07,SKU0102,メトグルコGE「サンド」,調剤薬局,20980,190333
2024-07,SKU0102,メトグルコGE「サンド」,病院,11561,104878
2024-07,SKU0102,メトグルコGE「サンド」,診療所,5601,50810
2024-08,SKU0101,メトグルコGE「サンド」,調剤薬局,23182,210303
2024-08,SKU0101,メトグルコGE「サンド」,病院,12743,115608
2024-08,SKU0101,メトグルコGE「サンド」,診療所,6351,57617
2024-08,SKU0102,メトグルコGE「サンド」,調剤薬局,20281,183986
2024-08,SKU0102,メトグルコGE「サンド」,病院,11057,100309
2024-08,SKU0102,メトグルコGE「サンド」,診療所,5516,50038
2024-09,SKU0101,メトグルコGE「サンド」,調剤薬局,21800,197769
2024-09,SKU0101,メトグルコGE「サンド」,病院,12554,113891
2024-09,SKU0101,メトグルコGE「サンド」,診療所,5898,53505
2024-09,SKU0102,メトグルコGE「サンド」,調剤薬局,19126,173507
2024-09,SKU0102,メトグルコGE「サンド」,病院,11105,100743
2024-09,SKU0102,メトグルコGE「サンド」,診療所,5478,49698
2024-10,SKU0101,メトグルコGE「サンド」,調剤薬局,23301,211385
2024-10,SKU0101,メトグルコGE「サンド」,病院,12067,109476
2024-10,SKU0101,メトグルコGE「サンド」,診療所,5873,53280
2024-10,SKU0102,メトグルコGE「サンド」,調剤薬局,18921,171651
2024-10,SKU0102,メトグルコGE「サンド」,病院,10427,94597
2024-10,SKU0102,メトグルコGE「サンド」,診療所,5210,47266
2024-11,SKU0101,メトグルコGE「サンド」,調剤薬局,21937,199015
2024-11,SKU0101,メトグルコGE「サンド」,病院,11447,103845
2024-11,SKU0101,メトグルコGE「サンド」,診療所,5847,53046
2024-11,SKU0102,メトグルコGE「サンド」,調剤薬局,17291,156865
2024-11,SKU0102,メトグルコGE「サンド」,病院,9851,89369
2024-11,SKU0102,メトグルコGE「サンド」,診療所,4860,44093
2024-12,SKU0101,メトグルコGE「サンド」,調剤薬局,25582,232077
2024-12,SKU0101,メトグルコGE「サンド」,病院,14174,128584
2024-12,SKU0101,メトグルコGE「サンド」,診療所,7098,64393
2024-12,SKU0102,メトグルコGE「サンド」,調剤薬局,21432,194435
2024-12,SKU0102,メトグルコGE「サンド」,病院,12412,112604
2024-12,SKU0102,メトグルコGE「サンド」,診療所,5876,53303
2025-01,SKU0101,メトグルコGE「サンド」,調剤薬局,22402,203230
2025-01,SKU0101,メトグルコGE「サンド」,病院,11535,104643
2025-01,SKU0101,メトグルコGE「サンド」,診療所,5990,54337
2025-01,SKU0102,メトグルコGE「サンド」,調剤薬局,18171,164845
2025-01,SKU0102,メトグルコGE「サンド」,病院,9785,88766
2025-01,SKU0102,メトグルコGE「サンド」,診療所,5202,47194
2025-02,SKU0101,メトグルコGE「サンド」,調剤薬局,21237,192659
2025-02,SKU0101,メトグルコGE「サンド」,病院,12091,109692
2025-02,SKU0101,メトグルコGE「サンド」,診療所,5831,52902
2025-02,SKU0102,メトグルコGE「サンド」,調剤薬局,17045,154631
2025-02,SKU0102,メトグルコGE「サンド」,病院,9262,84026
2025-02,SKU0102,メトグルコGE「サンド」,診療所,4644,42130
2025-03,SKU0101,メトグルコGE「サンド」,調剤薬局,27559,250019
2025-03,SKU0101,メトグルコGE「サンド」,病院,13300,120662
2025-03,SKU0101,メトグルコGE「サンド」,診療所,6718,60950
2025-03,SKU0102,メトグルコGE「サンド」,調剤薬局,20215,183394
2025-03,SKU0102,メトグルコGE「サンド」,病院,11214,101734
2025-03,SKU0102,メトグルコGE「サンド」,診療所,5721,51898
2025-04,SKU0101,メトグルコGE「サンド」,調剤薬局,26366,232015
2025-04,SKU0101,メトグルコGE「サンド」,病院,14017,123344
2025-04,SKU0101,メトグルコGE「サンド」,診療所,7307,64299
2025-04,SKU0102,メトグルコGE「サンド」,調剤薬局,20655,181760
2025-04,SKU0102,メトグルコGE「サンド」,病院,10989,96700
2025-04,SKU0102,メトグルコGE「サンド」,診療所,5622,49473
2025-05,SKU0101,メトグルコGE「サンド」,調剤薬局,24488,215491
2025-05,SKU0101,メトグルコGE「サンド」,病院,13026,114623
2025-05,SKU0101,メトグルコGE「サンド」,診療所,6763,59514
2025-05,SKU0102,メトグルコGE「サンド」,調剤薬局,18460,162441
2025-05,SKU0102,メトグルコGE「サンド」,病院,10036,88315
2025-05,SKU0102,メトグルコGE「サンド」,診療所,5239,46107
2025-06,SKU0101,メトグルコGE「サンド」,調剤薬局,25778,226846
2025-06,SKU0101,メトグルコGE「サンド」,病院,14531,127874
2025-06,SKU0101,メトグルコGE「サンド」,診療所,7318,64399
2025-06,SKU0102,メトグルコGE「サンド」,調剤薬局,20488,180289
2025-06,SKU0102,メトグルコGE「サンド」,病院,11212,98663
2025-06,SKU0102,メトグルコGE「サンド」,診療所,5394,47463
2025-07,SKU0101,メトグルコGE「サンド」,調剤薬局,25457,224018
2025-07,SKU0101,メトグルコGE「サンド」,病院,13939,122661
2025-07,SKU0101,メトグルコGE「サンド」,診療所,7682,67598
2025-07,SKU0102,メトグルコGE「サンド」,調剤薬局,20229,178011
2025-07,SKU0102,メトグルコGE「サンド」,病院,10339,90980
2025-07,SKU0102,メトグルコGE「サンド」,診療所,5177,45557
2025-08,SKU0101,メトグルコGE「サンド」,調剤薬局,23137,203601
2025-08,SKU0101,メトグルコGE「サンド」,病院,12323,108437
2025-08,SKU0101,メトグルコGE「サンド」,診療所,6512,57309
2025-08,SKU0102,メトグルコGE「サンド」,調剤薬局,16713,147068
2025-08,SKU0102,メトグルコGE「サンド」,病院,9373,82484
2025-08,SKU0102,メトグルコGE「サンド」,診療所,4473,39362
2025-09,SKU0101,メトグルコGE「サンド」,調剤薬局,24668,217071
2025-09,SKU0101,メトグルコGE「サンド」,病院,13831,121712
2025-09,SKU0101,メトグルコGE「サンド」,診療所,6961,61252
2025-09,SKU0102,メトグルコGE「サンド」,調剤薬局,18058,158910
2025-09,SKU0102,メトグルコGE「サンド」,病院,9343,82215
2025-09,SKU0102,メトグルコGE「サンド」,診療所,4989,43901
2025-10,SKU0101,メトグルコGE「サンド」,調剤薬局,27170,239096
2025-10,SKU0101,メトグルコGE「サンド」,病院,15473,136161
2025-10,SKU0101,メトグルコGE「サンド」,診療所,7590,66790
2025-10,SKU0102,メトグルコGE「サンド」,調剤薬局,18528,163040
2025-10,SKU0102,メトグルコGE「サンド」,病院,10441,91881
2025-10,SKU0102,メトグルコGE「サンド」,診療所,5328,46889
2025-11,SKU0101,メトグルコGE「サンド」,調剤薬局,25566,224981
2025-11,SKU0101,メトグルコGE「サンド」,病院,13636,119991
2025-11,SKU0101,メトグルコGE「サンド」,診療所,7161,63019
2025-11,SKU0102,メトグルコGE「サンド」,調剤薬局,17641,155240
2025-11,SKU0102,メトグルコGE「サンド」,病院,9268,81559
2025-11,SKU0102,メトグルコGE「サンド」,診療所,4775,42021
2025-12,SKU0101,メトグルコGE「サンド」,調剤薬局,29819,262405
2025-12,SKU0101,メトグルコGE「サンド」,病院,16277,143238
2025-12,SKU0101,メトグルコGE「サンド」,診療所,7403,65149
2025-12,SKU0102,メトグルコGE「サンド」,調剤薬局,18363,161588
2025-12,SKU0102,メトグルコGE「サンド」,病院,10761,94697
2025-12,SKU0102,メトグルコGE「サンド」,診療所,4988,43890
2026-01,SKU0101,メトグルコGE「サンド」,調剤薬局,27748,244177
2026-01,SKU0101,メトグルコGE「サンド」,病院,15531,136667
2026-01,SKU0101,メトグルコGE「サンド」,診療所,7980,70219
2026-01,SKU0102,メトグルコGE「サンド」,調剤薬局,18965,166888
2026-01,SKU0102,メトグルコGE「サンド」,病院,10174,89528
2026-01,SKU0102,メトグルコGE「サンド」,診療所,5083,44732
2026-02,SKU0101,メトグルコGE「サンド」,調剤薬局,28098,247257
2026-02,SKU0101,メトグルコGE「サンド」,病院,15248,134176
2026-02,SKU0101,メトグルコGE「サンド」,診療所,8366,73623
2026-02,SKU0102,メトグルコGE「サンド」,調剤薬局,18735,164868
2026-02,SKU0102,メトグルコGE「サンド」,病院,10398,91504
2026-02,SKU0102,メトグルコGE「サンド」,診療所,4990,43912
2026-03,SKU0101,メトグルコGE「サンド」,調剤薬局,27911,245611
2026-03,SKU0101,メトグルコGE「サンド」,病院,14982,131837
2026-03,SKU0101,メトグルコGE「サンド」,診療所,7046,62002
2026-03,SKU0102,メトグルコGE「サンド」,調剤薬局,17095,150430
2026-03,SKU0102,メトグルコGE「サンド」,病院,9198,80942
2026-03,SKU0102,メトグルコGE「サンド」,診療所,4535,39907
2026-04,SKU0101,メトグルコGE「サンド」,調剤薬局,22963,189949
2026-04,SKU0101,メトグルコGE「サンド」,病院,13508,111734
2026-04,SKU0101,メトグルコGE「サンド」,診療所,6487,53660
2026-04,SKU0102,メトグルコGE「サンド」,調剤薬局,15438,127704
2026-04,SKU0102,メトグルコGE「サンド」,病院,8207,67887
2026-04,SKU0102,メトグルコGE「サンド」,診療所,4149,34317
2026-05,SKU0101,メトグルコGE「サンド」,調剤薬局,25505,210972
2026-05,SKU0101,メトグルコGE「サンド」,病院,14523,120131
2026-05,SKU0101,メトグルコGE「サンド」,診療所,7305,60429
2026-05,SKU0102,メトグルコGE「サンド」,調剤薬局,15788,130598
2026-05,SKU0102,メトグルコGE「サンド」,病院,8910,73706
2026-05,SKU0102,メトグルコGE「サンド」,診療所,4456,36860
2023-01,SKU0201,アトルバスタチンOD錠「サンド」,調剤薬局,14909,211702
2023-01,SKU0201,アトルバスタチンOD錠「サンド」,病院,7990,113455
2023-01,SKU0201,アトルバスタチンOD錠「サンド」,診療所,3987,56619
2023-01,SKU0202,アトルバスタチンOD錠「サンド」,調剤薬局,10132,248232
2023-01,SKU0202,アトルバスタチンOD錠「サンド」,病院,5566,136374
2023-01,SKU0202,アトルバスタチンOD錠「サンド」,診療所,2691,65919
2023-02,SKU0201,アトルバスタチンOD錠「サンド」,調剤薬局,12847,182427
2023-02,SKU0201,アトルバスタチンOD錠「サンド」,病院,7122,101128
2023-02,SKU0201,アトルバスタチンOD錠「サンド」,診療所,3566,50635
2023-02,SKU0202,アトルバスタチンOD錠「サンド」,調剤薬局,9097,222878
2023-02,SKU0202,アトルバスタチンOD錠「サンド」,病院,4923,120612
2023-02,SKU0202,アトルバスタチンOD錠「サンド」,診療所,2299,56336
2023-03,SKU0201,アトルバスタチンOD錠「サンド」,調剤薬局,14091,200094
2023-03,SKU0201,アトルバスタチンOD錠「サンド」,病院,7200,102240
2023-03,SKU0201,アトルバスタチンOD錠「サンド」,診療所,3773,53576
2023-03,SKU0202,アトルバスタチンOD錠「サンド」,調剤薬局,9244,226484
2023-03,SKU0202,アトルバスタチンOD錠「サンド」,病院,4970,121761
2023-03,SKU0202,アトルバスタチンOD錠「サンド」,診療所,2380,58300
2023-04,SKU0201,アトルバスタチンOD錠「サンド」,調剤薬局,12683,180098
2023-04,SKU0201,アトルバスタチンOD錠「サンド」,病院,6628,94124
2023-04,SKU0201,アトルバスタチンOD錠「サンド」,診療所,3578,50805
2023-04,SKU0202,アトルバスタチンOD錠「サンド」,調剤薬局,9310,228102
2023-04,SKU0202,アトルバスタチンOD錠「サンド」,病院,4741,116159
2023-04,SKU0202,アトルバスタチンOD錠「サンド」,診療所,2451,60041
2023-05,SKU0201,アトルバスタチンOD錠「サンド」,調剤薬局,12571,178513
2023-05,SKU0201,アトルバスタチンOD錠「サンド」,病院,6877,97660
2023-05,SKU0201,アトルバスタチンOD錠「サンド」,診療所,3586,50925
2023-05,SKU0202,アトルバスタチンOD錠「サンド」,調剤薬局,9106,223097
2023-05,SKU0202,アトルバスタチンOD錠「サンド」,病院,5232,128188
2023-05,SKU0202,アトルバスタチンOD錠「サンド」,診療所,2450,60034
2023-06,SKU0201,アトルバスタチンOD錠「サンド」,調剤薬局,14163,201111
2023-06,SKU0201,アトルバスタチンOD錠「サンド」,病院,7522,106815
2023-06,SKU0201,アトルバスタチンOD錠「サンド」,診療所,3840,54523
2023-06,SKU0202,アトルバスタチンOD錠「サンド」,調剤薬局,9773,239448
2023-06,SKU0202,アトルバスタチンOD錠「サンド」,病院,5395,132187
2023-06,SKU0202,アトルバスタチンOD錠「サンド」,診療所,2692,65963
2023-07,SKU0201,アトルバスタチンOD錠「サンド」,調剤薬局,12234,173724
2023-07,SKU0201,アトルバスタチンOD錠「サンド」,病院,6981,99127
2023-07,SKU0201,アトルバスタチンOD錠「サンド」,診療所,3489,49546
2023-07,SKU0202,アトルバスタチンOD錠「サンド」,調剤薬局,9344,228934
2023-07,SKU0202,アトルバスタチンOD錠「サンド」,病院,5239,128346
2023-07,SKU0202,アトルバスタチンOD錠「サンド」,診療所,2613,64012
2023-08,SKU0201,アトルバスタチンOD錠「サンド」,調剤薬局,12805,181835
2023-08,SKU0201,アトルバスタチンOD錠「サンド」,病院,7143,101433
2023-08,SKU0201,アトルバスタチンOD錠「サンド」,診療所,3466,49217
2023-08,SKU0202,アトルバスタチンOD錠「サンド」,調剤薬局,9628,235892
2023-08,SKU0202,アトルバスタチンOD錠「サンド」,病院,5154,126265
2023-08,SKU0202,アトルバスタチンOD錠「サンド」,診療所,2752,67414
2023-09,SKU0201,アトルバスタチンOD錠「サンド」,調剤薬局,13679,194238
2023-09,SKU0201,アトルバスタチンOD錠「サンド」,病院,7332,104119
2023-09,SKU0201,アトルバスタチンOD錠「サンド」,診療所,3822,54279
2023-09,SKU0202,アトルバスタチンOD錠「サンド」,調剤薬局,9543,233802
2023-09,SKU0202,アトルバスタチンOD錠「サンド」,病院,5231,128169
2023-09,SKU0202,アトルバスタチンOD錠「サンド」,診療所,2850,69834
2023-10,SKU0201,アトルバスタチンOD錠「サンド」,調剤薬局,14323,203389
2023-10,SKU0201,アトルバスタチンOD錠「サンド」,病院,7857,111570
2023-10,SKU0201,アトルバスタチンOD錠「サンド」,診療所,3744,53166
2023-10,SKU0202,アトルバスタチンOD錠「サンド」,調剤薬局,10944,268130
2023-10,SKU0202,アトルバスタチンOD錠「サンド」,病院,6333,155151
2023-10,SKU0202,アトルバスタチンOD錠「サンド」,診療所,3061,74987
2023-11,SKU0201,アトルバスタチンOD錠「サンド」,調剤薬局,14088,200056
2023-11,SKU0201,アトルバスタチンOD錠「サンド」,病院,7545,107139
2023-11,SKU0201,アトルバスタチンOD錠「サンド」,診療所,3778,53642
2023-11,SKU0202,アトルバスタチンOD錠「サンド」,調剤薬局,10206,250042
2023-11,SKU0202,アトルバスタチンOD錠「サンド」,病院,5993,146819
2023-11,SKU0202,アトルバスタチンOD錠「サンド」,診療所,3049,74694
2023-12,SKU0201,アトルバスタチンOD錠「サンド」,調剤薬局,13998,198771
2023-12,SKU0201,アトルバスタチンOD錠「サンド」,病院,7855,111542
2023-12,SKU0201,アトルバスタチンOD錠「サンド」,診療所,3868,54924
2023-12,SKU0202,アトルバスタチンOD錠「サンド」,調剤薬局,11267,276035
2023-12,SKU0202,アトルバスタチンOD錠「サンド」,病院,6339,155304
2023-12,SKU0202,アトルバスタチンOD錠「サンド」,診療所,2967,72680
2024-01,SKU0201,アトルバスタチンOD錠「サンド」,調剤薬局,14425,204839
2024-01,SKU0201,アトルバスタチンOD錠「サンド」,病院,7901,112190
2024-01,SKU0201,アトルバスタチンOD錠「サンド」,診療所,3834,54441
2024-01,SKU0202,アトルバスタチンOD錠「サンド」,調剤薬局,10512,257538
2024-01,SKU0202,アトルバスタチンOD錠「サンド」,病院,6010,147233
2024-01,SKU0202,アトルバスタチンOD錠「サンド」,診療所,3212,78692
2024-02,SKU0201,アトルバスタチンOD錠「サンド」,調剤薬局,11589,164560
2024-02,SKU0201,アトルバスタチンOD錠「サンド」,病院,6824,96900
2024-02,SKU0201,アトルバスタチンOD錠「サンド」,診療所,3326,47227
2024-02,SKU0202,アトルバスタチンOD錠「サンド」,調剤薬局,10540,258231
2024-02,SKU0202,アトルバスタチンOD錠「サンド」,病院,5500,134748
2024-02,SKU0202,アトルバスタチンOD錠「サンド」,診療所,2841,69600
2024-03,SKU0201,アトルバスタチンOD錠「サンド」,調剤薬局,14652,208057
2024-03,SKU0201,アトルバスタチンOD錠「サンド」,病院,8292,117740
2024-03,SKU0201,アトルバスタチンOD錠「サンド」,診療所,3905,55457
2024-03,SKU0202,アトルバスタチンOD錠「サンド」,調剤薬局,12042,295027
2024-03,SKU0202,アトルバスタチンOD錠「サンド」,病院,6206,152039
2024-03,SKU0202,アトルバスタチンOD錠「サンド」,診療所,3363,82406
2024-04,SKU0201,アトルバスタチンOD錠「サンド」,調剤薬局,13272,178091
2024-04,SKU0201,アトルバスタチンOD錠「サンド」,病院,7283,97736
2024-04,SKU0201,アトルバスタチンOD錠「サンド」,診療所,3702,49671
2024-04,SKU0202,アトルバスタチンOD錠「サンド」,調剤薬局,10862,251473
2024-04,SKU0202,アトルバスタチンOD錠「サンド」,病院,6259,144903
2024-04,SKU0202,アトルバスタチンOD錠「サンド」,診療所,3198,74046
2024-05,SKU0201,アトルバスタチンOD錠「サンド」,調剤薬局,15051,201965
2024-05,SKU0201,アトルバスタチンOD錠「サンド」,病院,7750,103997
2024-05,SKU0201,アトルバスタチンOD錠「サンド」,診療所,4054,54399
2024-05,SKU0202,アトルバスタチンOD錠「サンド」,調剤薬局,12992,300801
2024-05,SKU0202,アトルバスタチンOD錠「サンド」,病院,6542,151458
2024-05,SKU0202,アトルバスタチンOD錠「サンド」,診療所,3354,77663
2024-06,SKU0201,アトルバスタチンOD錠「サンド」,調剤薬局,13917,186756
2024-06,SKU0201,アトルバスタチンOD錠「サンド」,病院,7457,100061
2024-06,SKU0201,アトルバスタチンOD錠「サンド」,診療所,3744,50242
2024-06,SKU0202,アトルバスタチンOD錠「サンド」,調剤薬局,12382,286663
2024-06,SKU0202,アトルバスタチンOD錠「サンド」,病院,6487,150182
2024-06,SKU0202,アトルバスタチンOD錠「サンド」,診療所,3261,75511
2024-07,SKU0201,アトルバスタチンOD錠「サンド」,調剤薬局,15095,202562
2024-07,SKU0201,アトルバスタチンOD錠「サンド」,病院,7566,101523
2024-07,SKU0201,アトルバスタチンOD錠「サンド」,診療所,3716,49866
2024-07,SKU0202,アトルバスタチンOD錠「サンド」,調剤薬局,12413,287395
2024-07,SKU0202,アトルバスタチンOD錠「サンド」,病院,6773,156813
2024-07,SKU0202,アトルバスタチンOD錠「サンド」,診療所,3290,76165
2024-08,SKU0201,アトルバスタチンOD錠「サンド」,調剤薬局,13839,185710
2024-08,SKU0201,アトルバスタチンOD錠「サンド」,病院,8330,111778
2024-08,SKU0201,アトルバスタチンOD錠「サンド」,診療所,3933,52779
2024-08,SKU0202,アトルバスタチンOD錠「サンド」,調剤薬局,12449,288224
2024-08,SKU0202,アトルバスタチンOD錠「サンド」,病院,7134,165161
2024-08,SKU0202,アトルバスタチンOD錠「サンド」,診療所,3460,80109
2024-09,SKU0201,アトルバスタチンOD錠「サンド」,調剤薬局,13132,176225
2024-09,SKU0201,アトルバスタチンOD錠「サンド」,病院,7340,98491
2024-09,SKU0201,アトルバスタチンOD錠「サンド」,診療所,3469,46552
2024-09,SKU0202,アトルバスタチンOD錠「サンド」,調剤薬局,12099,280128
2024-09,SKU0202,アトルバスタチンOD錠「サンド」,病院,6905,159875
2024-09,SKU0202,アトルバスタチンOD錠「サンド」,診療所,3311,76656
2024-10,SKU0201,アトルバスタチンOD錠「サンド」,調剤薬局,14064,188721
2024-10,SKU0201,アトルバスタチンOD錠「サンド」,病院,7641,102530
2024-10,SKU0201,アトルバスタチンOD錠「サンド」,診療所,3832,51416
2024-10,SKU0202,アトルバスタチンOD錠「サンド」,調剤薬局,12965,300170
2024-10,SKU0202,アトルバスタチンOD錠「サンド」,病院,7045,163116
2024-10,SKU0202,アトルバスタチンOD錠「サンド」,診療所,3661,84761
2024-11,SKU0201,アトルバスタチンOD錠「サンド」,調剤薬局,13083,175554
2024-11,SKU0201,アトルバスタチンOD錠「サンド」,病院,7722,103621
2024-11,SKU0201,アトルバスタチンOD錠「サンド」,診療所,3721,49929
2024-11,SKU0202,アトルバスタチンOD錠「サンド」,調剤薬局,13012,301266
2024-11,SKU0202,アトルバスタチンOD錠「サンド」,病院,6781,156996
2024-11,SKU0202,アトルバスタチンOD錠「サンド」,診療所,3649,84483
2024-12,SKU0201,アトルバスタチンOD錠「サンド」,調剤薬局,13617,182731
2024-12,SKU0201,アトルバスタチンOD錠「サンド」,病院,7366,98847
2024-12,SKU0201,アトルバスタチンOD錠「サンド」,診療所,3417,45857
2024-12,SKU0202,アトルバスタチンOD錠「サンド」,調剤薬局,12733,294805
2024-12,SKU0202,アトルバスタチンOD錠「サンド」,病院,6859,158806
2024-12,SKU0202,アトルバスタチンOD錠「サンド」,診療所,3225,74672
2025-01,SKU0201,アトルバスタチンOD錠「サンド」,調剤薬局,12318,165291
2025-01,SKU0201,アトルバスタチンOD錠「サンド」,病院,6797,91211
2025-01,SKU0201,アトルバスタチンOD錠「サンド」,診療所,3418,45865
2025-01,SKU0202,アトルバスタチンOD錠「サンド」,調剤薬局,11906,275660
2025-01,SKU0202,アトルバスタチンOD錠「サンド」,病院,6516,150871
2025-01,SKU0202,アトルバスタチンOD錠「サンド」,診療所,3373,78088
2025-02,SKU0201,アトルバスタチンOD錠「サンド」,調剤薬局,14465,194108
2025-02,SKU0201,アトルバスタチンOD錠「サンド」,病院,6956,93337
2025-02,SKU0201,アトルバスタチンOD錠「サンド」,診療所,3769,50574
2025-02,SKU0202,アトルバスタチンOD錠「サンド」,調剤薬局,13540,313491
2025-02,SKU0202,アトルバスタチンOD錠「サンド」,病院,7032,162811
2025-02,SKU0202,アトルバスタチンOD錠「サンド」,診療所,3722,86165
2025-03,SKU0201,アトルバスタチンOD錠「サンド」,調剤薬局,15485,207788
2025-03,SKU0201,アトルバスタチンOD錠「サンド」,病院,7876,105685
2025-03,SKU0201,アトルバスタチンOD錠「サンド」,診療所,4112,55174
2025-03,SKU0202,アトルバスタチンOD錠「サンド」,調剤薬局,14371,332723
2025-03,SKU0202,アトルバスタチンOD錠「サンド」,病院,7898,182851
2025-03,SKU0202,アトルバスタチンOD錠「サンド」,診療所,4209,97442
2025-04,SKU0201,アトルバスタチンOD錠「サンド」,調剤薬局,10604,138023
2025-04,SKU0201,アトルバスタチンOD錠「サンド」,病院,5961,77592
2025-04,SKU0201,アトルバスタチンOD錠「サンド」,診療所,2775,36117
2025-04,SKU0202,アトルバスタチンOD錠「サンド」,調剤薬局,11439,256885
2025-04,SKU0202,アトルバスタチンOD錠「サンド」,病院,6016,135104
2025-04,SKU0202,アトルバスタチンOD錠「サンド」,診療所,2938,65989
2025-05,SKU0201,アトルバスタチンOD錠「サンド」,調剤薬局,14237,185308
2025-05,SKU0201,アトルバスタチンOD錠「サンド」,病院,7311,95159
2025-05,SKU0201,アトルバスタチンOD錠「サンド」,診療所,3952,51443
2025-05,SKU0202,アトルバスタチンOD錠「サンド」,調剤薬局,14139,317529
2025-05,SKU0202,アトルバスタチンOD錠「サンド」,病院,7740,173827
2025-05,SKU0202,アトルバスタチンOD錠「サンド」,診療所,3836,86159
2025-06,SKU0201,アトルバスタチンOD錠「サンド」,調剤薬局,12330,160486
2025-06,SKU0201,アトルバスタチンOD錠「サンド」,病院,6987,90947
2025-06,SKU0201,アトルバスタチンOD錠「サンド」,診療所,3448,44887
2025-06,SKU0202,アトルバスタチンOD錠「サンド」,調剤薬局,13249,297549
2025-06,SKU0202,アトルバスタチンOD錠「サンド」,病院,7086,159145
2025-06,SKU0202,アトルバスタチンOD錠「サンド」,診療所,3599,80819
2025-07,SKU0201,アトルバスタチンOD錠「サンド」,調剤薬局,12282,159866
2025-07,SKU0201,アトルバスタチンOD錠「サンド」,病院,7238,94216
2025-07,SKU0201,アトルバスタチンOD錠「サンド」,診療所,3233,42078
2025-07,SKU0202,アトルバスタチンOD錠「サンド」,調剤薬局,13571,304768
2025-07,SKU0202,アトルバスタチンOD錠「サンド」,病院,7425,166751
2025-07,SKU0202,アトルバスタチンOD錠「サンド」,診療所,3475,78041
2025-08,SKU0201,アトルバスタチンOD錠「サンド」,調剤薬局,14334,186583
2025-08,SKU0201,アトルバスタチンOD錠「サンド」,病院,7548,98242
2025-08,SKU0201,アトルバスタチンOD錠「サンド」,診療所,3771,49086
2025-08,SKU0202,アトルバスタチンOD錠「サンド」,調剤薬局,14351,322284
2025-08,SKU0202,アトルバスタチンOD錠「サンド」,病院,7770,174499
2025-08,SKU0202,アトルバスタチンOD錠「サンド」,診療所,3886,87270
2025-09,SKU0201,アトルバスタチンOD錠「サンド」,調剤薬局,12900,167915
2025-09,SKU0201,アトルバスタチンOD錠「サンド」,病院,7247,94335
2025-09,SKU0201,アトルバスタチンOD錠「サンド」,診療所,3496,45511
2025-09,SKU0202,アトルバスタチンOD錠「サンド」,調剤薬局,13436,301738
2025-09,SKU0202,アトルバスタチンOD錠「サンド」,病院,7721,173396
2025-09,SKU0202,アトルバスタチンOD錠「サンド」,診療所,3871,86943
2025-10,SKU0201,アトルバスタチンOD錠「サンド」,調剤薬局,13711,178474
2025-10,SKU0201,アトルバスタチンOD錠「サンド」,病院,7499,97610
2025-10,SKU0201,アトルバスタチンOD錠「サンド」,診療所,3638,47349
2025-10,SKU0202,アトルバスタチンOD錠「サンド」,調剤薬局,14376,322864
2025-10,SKU0202,アトルバスタチンOD錠「サンド」,病院,7856,176438
2025-10,SKU0202,アトルバスタチンOD錠「サンド」,診療所,3835,86134
2025-11,SKU0201,アトルバスタチンOD錠「サンド」,調剤薬局,14543,189303
2025-11,SKU0201,アトルバスタチンOD錠「サンド」,病院,7857,102271
2025-11,SKU0201,アトルバスタチンOD錠「サンド」,診療所,3886,50587
2025-11,SKU0202,アトルバスタチンOD錠「サンド」,調剤薬局,14692,329955
2025-11,SKU0202,アトルバスタチンOD錠「サンド」,病院,8465,190097
2025-11,SKU0202,アトルバスタチンOD錠「サンド」,診療所,4545,102064
2025-12,SKU0201,アトルバスタチンOD錠「サンド」,調剤薬局,12998,169191
2025-12,SKU0201,アトルバスタチンOD錠「サンド」,病院,7312,95182
2025-12,SKU0201,アトルバスタチンOD錠「サンド」,診療所,3466,45117
2025-12,SKU0202,アトルバスタチンOD錠「サンド」,調剤薬局,15680,352136
2025-12,SKU0202,アトルバスタチンOD錠「サンド」,病院,8163,183332
2025-12,SKU0202,アトルバスタチンOD錠「サンド」,診療所,4135,92865
2026-01,SKU0201,アトルバスタチンOD錠「サンド」,調剤薬局,12077,157206
2026-01,SKU0201,アトルバスタチンOD錠「サンド」,病院,6438,83802
2026-01,SKU0201,アトルバスタチンOD錠「サンド」,診療所,3051,39709
2026-01,SKU0202,アトルバスタチンOD錠「サンド」,調剤薬局,12758,286521
2026-01,SKU0202,アトルバスタチンOD錠「サンド」,病院,7016,157562
2026-01,SKU0202,アトルバスタチンOD錠「サンド」,診療所,3597,80775
2026-02,SKU0201,アトルバスタチンOD錠「サンド」,調剤薬局,13117,170738
2026-02,SKU0201,アトルバスタチンOD錠「サンド」,病院,7092,92317
2026-02,SKU0201,アトルバスタチンOD錠「サンド」,診療所,3747,48768
2026-02,SKU0202,アトルバスタチンOD錠「サンド」,調剤薬局,15317,343986
2026-02,SKU0202,アトルバスタチンOD錠「サンド」,病院,8962,201262
2026-02,SKU0202,アトルバスタチンOD錠「サンド」,診療所,4203,94393
2026-03,SKU0201,アトルバスタチンOD錠「サンド」,調剤薬局,15499,201747
2026-03,SKU0201,アトルバスタチンOD錠「サンド」,病院,8110,105569
2026-03,SKU0201,アトルバスタチンOD錠「サンド」,診療所,4128,53733
2026-03,SKU0202,アトルバスタチンOD錠「サンド」,調剤薬局,17066,383256
2026-03,SKU0202,アトルバスタチンOD錠「サンド」,病院,9272,208221
2026-03,SKU0202,アトルバスタチンOD錠「サンド」,診療所,4823,108321
2026-04,SKU0201,アトルバスタチンOD錠「サンド」,調剤薬局,12720,155638
2026-04,SKU0201,アトルバスタチンOD錠「サンド」,病院,6747,82548
2026-04,SKU0201,アトルバスタチンOD錠「サンド」,診療所,3239,39633
2026-04,SKU0202,アトルバスタチンOD錠「サンド」,調剤薬局,14265,301148
2026-04,SKU0202,アトルバスタチンOD錠「サンド」,病院,7765,163919
2026-04,SKU0202,アトルバスタチンOD錠「サンド」,診療所,3841,81085
2026-05,SKU0201,アトルバスタチンOD錠「サンド」,調剤薬局,11886,145430
2026-05,SKU0201,アトルバスタチンOD錠「サンド」,病院,6680,81734
2026-05,SKU0201,アトルバスタチンOD錠「サンド」,診療所,3230,39517
2026-05,SKU0202,アトルバスタチンOD錠「サンド」,調剤薬局,13498,284945
2026-05,SKU0202,アトルバスタチンOD錠「サンド」,病院,7853,165777
2026-05,SKU0202,アトルバスタチンOD錠「サンド」,診療所,3930,82958
2023-01,SKU0301,フィルグラスチムBS注「サンド」,病院,10,59421
2023-01,SKU0301,フィルグラスチムBS注「サンド」,クリニック(注射対応),2,9434
2023-01,SKU0302,フィルグラスチムBS注「サンド」,病院,18,180448
2023-01,SKU0302,フィルグラスチムBS注「サンド」,クリニック(注射対応),3,33870
2023-02,SKU0301,フィルグラスチムBS注「サンド」,病院,9,54479
2023-02,SKU0301,フィルグラスチムBS注「サンド」,クリニック(注射対応),2,9646
2023-02,SKU0302,フィルグラスチムBS注「サンド」,病院,17,172347
2023-02,SKU0302,フィルグラスチムBS注「サンド」,クリニック(注射対応),3,30610
2023-03,SKU0301,フィルグラスチムBS注「サンド」,病院,15,89280
2023-03,SKU0301,フィルグラスチムBS注「サンド」,クリニック(注射対応),3,15022
2023-03,SKU0302,フィルグラスチムBS注「サンド」,病院,27,279952
2023-03,SKU0302,フィルグラスチムBS注「サンド」,クリニック(注射対応),5,46153
2023-04,SKU0301,フィルグラスチムBS注「サンド」,病院,16,92038
2023-04,SKU0301,フィルグラスチムBS注「サンド」,クリニック(注射対応),3,16170
2023-04,SKU0302,フィルグラスチムBS注「サンド」,病院,27,273690
2023-04,SKU0302,フィルグラスチムBS注「サンド」,クリニック(注射対応),5,49175
2023-05,SKU0301,フィルグラスチムBS注「サンド」,病院,21,121644
2023-05,SKU0301,フィルグラスチムBS注「サンド」,クリニック(注射対応),4,21172
2023-05,SKU0302,フィルグラスチムBS注「サンド」,病院,36,367248
2023-05,SKU0302,フィルグラスチムBS注「サンド」,クリニック(注射対応),6,63334
2023-06,SKU0301,フィルグラスチムBS注「サンド」,病院,29,168276
2023-06,SKU0301,フィルグラスチムBS注「サンド」,クリニック(注射対応),5,28396
2023-06,SKU0302,フィルグラスチムBS注「サンド」,病院,49,498925
2023-06,SKU0302,フィルグラスチムBS注「サンド」,クリニック(注射対応),8,83149
2023-07,SKU0301,フィルグラスチムBS注「サンド」,病院,36,206803
2023-07,SKU0301,フィルグラスチムBS注「サンド」,クリニック(注射対応),6,36430
2023-07,SKU0302,フィルグラスチムBS注「サンド」,病院,62,627638
2023-07,SKU0302,フィルグラスチムBS注「サンド」,クリニック(注射対応),11,107580
2023-08,SKU0301,フィルグラスチムBS注「サンド」,病院,39,226033
2023-08,SKU0301,フィルグラスチムBS注「サンド」,クリニック(注射対応),7,40744
2023-08,SKU0302,フィルグラスチムBS注「サンド」,病院,59,598639
2023-08,SKU0302,フィルグラスチムBS注「サンド」,クリニック(注射対応),11,112625
2023-09,SKU0301,フィルグラスチムBS注「サンド」,病院,47,273444
2023-09,SKU0301,フィルグラスチムBS注「サンド」,クリニック(注射対応),8,45707
2023-09,SKU0302,フィルグラスチムBS注「サンド」,病院,70,711073
2023-09,SKU0302,フィルグラスチムBS注「サンド」,クリニック(注射対応),12,127287
2023-10,SKU0301,フィルグラスチムBS注「サンド」,病院,58,336648
2023-10,SKU0301,フィルグラスチムBS注「サンド」,クリニック(注射対応),9,54387
2023-10,SKU0302,フィルグラスチムBS注「サンド」,病院,82,838495
2023-10,SKU0302,フィルグラスチムBS注「サンド」,クリニック(注射対応),15,156818
2023-11,SKU0301,フィルグラスチムBS注「サンド」,病院,76,439066
2023-11,SKU0301,フィルグラスチムBS注「サンド」,クリニック(注射対応),14,82297
2023-11,SKU0302,フィルグラスチムBS注「サンド」,病院,115,1172419
2023-11,SKU0302,フィルグラスチムBS注「サンド」,クリニック(注射対応),19,196750
2023-12,SKU0301,フィルグラスチムBS注「サンド」,病院,74,428568
2023-12,SKU0301,フィルグラスチムBS注「サンド」,クリニック(注射対応),12,72135
2023-12,SKU0302,フィルグラスチムBS注「サンド」,病院,112,1142974
2023-12,SKU0302,フィルグラスチムBS注「サンド」,クリニック(注射対応),20,201980
2024-01,SKU0301,フィルグラスチムBS注「サンド」,病院,101,585923
2024-01,SKU0301,フィルグラスチムBS注「サンド」,クリニック(注射対応),19,108122
2024-01,SKU0302,フィルグラスチムBS注「サンド」,病院,153,1555923
2024-01,SKU0302,フィルグラスチムBS注「サンド」,クリニック(注射対応),26,263690
2024-02,SKU0301,フィルグラスチムBS注「サンド」,病院,106,612622
2024-02,SKU0301,フィルグラスチムBS注「サンド」,クリニック(注射対応),20,117646
2024-02,SKU0302,フィルグラスチムBS注「サンド」,病院,162,1649648
2024-02,SKU0302,フィルグラスチムBS注「サンド」,クリニック(注射対応),28,289001
2024-03,SKU0301,フィルグラスチムBS注「サンド」,病院,159,923865
2024-03,SKU0301,フィルグラスチムBS注「サンド」,クリニック(注射対応),26,152838
2024-03,SKU0302,フィルグラスチムBS注「サンド」,病院,227,2310841
2024-03,SKU0302,フィルグラスチムBS注「サンド」,クリニック(注射対応),37,373547
2024-04,SKU0301,フィルグラスチムBS注「サンド」,病院,150,819655
2024-04,SKU0301,フィルグラスチムBS注「サンド」,クリニック(注射対応),25,134304
2024-04,SKU0302,フィルグラスチムBS注「サンド」,病院,192,1854112
2024-04,SKU0302,フィルグラスチムBS注「サンド」,クリニック(注射対応),37,351902
2024-05,SKU0301,フィルグラスチムBS注「サンド」,病院,179,979912
2024-05,SKU0301,フィルグラスチムBS注「サンド」,クリニック(注射対応),33,178681
2024-05,SKU0302,フィルグラスチムBS注「サンド」,病院,241,2318753
2024-05,SKU0302,フィルグラスチムBS注「サンド」,クリニック(注射対応),42,405024
2024-06,SKU0301,フィルグラスチムBS注「サンド」,病院,201,1102685
2024-06,SKU0301,フィルグラスチムBS注「サンド」,クリニック(注射対応),34,185615
2024-06,SKU0302,フィルグラスチムBS注「サンド」,病院,238,2290465
2024-06,SKU0302,フィルグラスチムBS注「サンド」,クリニック(注射対応),43,416722
2024-07,SKU0301,フィルグラスチムBS注「サンド」,病院,250,1369409
2024-07,SKU0301,フィルグラスチムBS注「サンド」,クリニック(注射対応),44,240550
2024-07,SKU0302,フィルグラスチムBS注「サンド」,病院,298,2873462
2024-07,SKU0302,フィルグラスチムBS注「サンド」,クリニック(注射対応),54,520534
2024-08,SKU0301,フィルグラスチムBS注「サンド」,病院,247,1353656
2024-08,SKU0301,フィルグラスチムBS注「サンド」,クリニック(注射対応),44,240458
2024-08,SKU0302,フィルグラスチムBS注「サンド」,病院,301,2897026
2024-08,SKU0302,フィルグラスチムBS注「サンド」,クリニック(注射対応),54,523199
2024-09,SKU0301,フィルグラスチムBS注「サンド」,病院,275,1507358
2024-09,SKU0301,フィルグラスチムBS注「サンド」,クリニック(注射対応),51,278243
2024-09,SKU0302,フィルグラスチムBS注「サンド」,病院,352,3392758
2024-09,SKU0302,フィルグラスチムBS注「サンド」,クリニック(注射対応),60,581976
2024-10,SKU0301,フィルグラスチムBS注「サンド」,病院,328,1799363
2024-10,SKU0301,フィルグラスチムBS注「サンド」,クリニック(注射対応),59,322662
2024-10,SKU0302,フィルグラスチムBS注「サンド」,病院,388,3741473
2024-10,SKU0302,フィルグラスチムBS注「サンド」,クリニック(注射対応),68,653554
2024-11,SKU0301,フィルグラスチムBS注「サンド」,病院,348,1905415
2024-11,SKU0301,フィルグラスチムBS注「サンド」,クリニック(注射対応),62,339420
2024-11,SKU0302,フィルグラスチムBS注「サンド」,病院,405,3906557
2024-11,SKU0302,フィルグラスチムBS注「サンド」,クリニック(注射対応),74,717798
2024-12,SKU0301,フィルグラスチムBS注「サンド」,病院,443,2426863
2024-12,SKU0301,フィルグラスチムBS注「サンド」,クリニック(注射対応),73,399141
2024-12,SKU0302,フィルグラスチムBS注「サンド」,病院,499,4808846
2024-12,SKU0302,フィルグラスチムBS注「サンド」,クリニック(注射対応),87,842386
2025-01,SKU0301,フィルグラスチムBS注「サンド」,病院,443,2425651
2025-01,SKU0301,フィルグラスチムBS注「サンド」,クリニック(注射対応),77,423550
2025-01,SKU0302,フィルグラスチムBS注「サンド」,病院,472,4553943
2025-01,SKU0302,フィルグラスチムBS注「サンド」,クリニック(注射対応),84,808457
2025-02,SKU0301,フィルグラスチムBS注「サンド」,病院,494,2705253
2025-02,SKU0301,フィルグラスチムBS注「サンド」,クリニック(注射対応),90,491698
2025-02,SKU0302,フィルグラスチムBS注「サンド」,病院,509,4904689
2025-02,SKU0302,フィルグラスチムBS注「サンド」,クリニック(注射対応),97,936734
2025-03,SKU0301,フィルグラスチムBS注「サンド」,病院,622,3411388
2025-03,SKU0301,フィルグラスチムBS注「サンド」,クリニック(注射対応),106,578597
2025-03,SKU0302,フィルグラスチムBS注「サンド」,病院,662,6378906
2025-03,SKU0302,フィルグラスチムBS注「サンド」,クリニック(注射対応),112,1084053
2025-04,SKU0301,フィルグラスチムBS注「サンド」,病院,517,2751036
2025-04,SKU0301,フィルグラスチムBS注「サンド」,クリニック(注射対応),87,463529
2025-04,SKU0302,フィルグラスチムBS注「サンド」,病院,513,4793146
2025-04,SKU0302,フィルグラスチムBS注「サンド」,クリニック(注射対応),100,935571
2025-05,SKU0301,フィルグラスチムBS注「サンド」,病院,538,2860265
2025-05,SKU0301,フィルグラスチムBS注「サンド」,クリニック(注射対応),96,513014
2025-05,SKU0302,フィルグラスチムBS注「サンド」,病院,553,5170460
2025-05,SKU0302,フィルグラスチムBS注「サンド」,クリニック(注射対応),98,911762
2025-06,SKU0301,フィルグラスチムBS注「サンド」,病院,605,3216811
2025-06,SKU0301,フィルグラスチムBS注「サンド」,クリニック(注射対応),105,558159
2025-06,SKU0302,フィルグラスチムBS注「サンド」,病院,628,5867480
2025-06,SKU0302,フィルグラスチムBS注「サンド」,クリニック(注射対応),111,1037728
2025-07,SKU0301,フィルグラスチムBS注「サンド」,病院,678,3604951
2025-07,SKU0301,フィルグラスチムBS注「サンド」,クリニック(注射対応),119,634613
2025-07,SKU0302,フィルグラスチムBS注「サンド」,病院,703,6576518
2025-07,SKU0302,フィルグラスチムBS注「サンド」,クリニック(注射対応),115,1072621
2025-08,SKU0301,フィルグラスチムBS注「サンド」,病院,741,3941675
2025-08,SKU0301,フィルグラスチムBS注「サンド」,クリニック(注射対応),136,720414
2025-08,SKU0302,フィルグラスチムBS注「サンド」,病院,756,7064051
2025-08,SKU0302,フィルグラスチムBS注「サンド」,クリニック(注射対応),123,1149807
2025-09,SKU0301,フィルグラスチムBS注「サンド」,病院,757,4024425
2025-09,SKU0301,フィルグラスチムBS注「サンド」,クリニック(注射対応),140,746120
2025-09,SKU0302,フィルグラスチムBS注「サンド」,病院,745,6968839
2025-09,SKU0302,フィルグラスチムBS注「サンド」,クリニック(注射対応),130,1218427
2025-10,SKU0301,フィルグラスチムBS注「サンド」,病院,818,4349702
2025-10,SKU0301,フィルグラスチムBS注「サンド」,クリニック(注射対応),144,763744
2025-10,SKU0302,フィルグラスチムBS注「サンド」,病院,782,7313928
2025-10,SKU0302,フィルグラスチムBS注「サンド」,クリニック(注射対応),136,1269940
2025-11,SKU0301,フィルグラスチムBS注「サンド」,病院,745,3959035
2025-11,SKU0301,フィルグラスチムBS注「サンド」,クリニック(注射対応),132,701196
2025-11,SKU0302,フィルグラスチムBS注「サンド」,病院,674,6304186
2025-11,SKU0302,フィルグラスチムBS注「サンド」,クリニック(注射対応),123,1153733
2025-12,SKU0301,フィルグラスチムBS注「サンド」,病院,959,5099765
2025-12,SKU0301,フィルグラスチムBS注「サンド」,クリニック(注射対応),147,783484
2025-12,SKU0302,フィルグラスチムBS注「サンド」,病院,806,7534553
2025-12,SKU0302,フィルグラスチムBS注「サンド」,クリニック(注射対応),138,1286796
2026-01,SKU0301,フィルグラスチムBS注「サンド」,病院,922,4899839
2026-01,SKU0301,フィルグラスチムBS注「サンド」,クリニック(注射対応),160,851142
2026-01,SKU0302,フィルグラスチムBS注「サンド」,病院,822,7683019
2026-01,SKU0302,フィルグラスチムBS注「サンド」,クリニック(注射対応),147,1372276
2026-02,SKU0301,フィルグラスチムBS注「サンド」,病院,856,4553071
2026-02,SKU0301,フィルグラスチムBS注「サンド」,クリニック(注射対応),155,826002
2026-02,SKU0302,フィルグラスチムBS注「サンド」,病院,688,6432877
2026-02,SKU0302,フィルグラスチムBS注「サンド」,クリニック(注射対応),137,1279354
2026-03,SKU0301,フィルグラスチムBS注「サンド」,病院,977,5195099
2026-03,SKU0301,フィルグラスチムBS注「サンド」,クリニック(注射対応),176,935896
2026-03,SKU0302,フィルグラスチムBS注「サンド」,病院,793,7414452
2026-03,SKU0302,フィルグラスチムBS注「サンド」,クリニック(注射対応),142,1324287
2026-04,SKU0301,フィルグラスチムBS注「サンド」,病院,929,4643865
2026-04,SKU0301,フィルグラスチムBS注「サンド」,クリニック(注射対応),163,815516
2026-04,SKU0302,フィルグラスチムBS注「サンド」,病院,779,6846079
2026-04,SKU0302,フィルグラスチムBS注「サンド」,クリニック(注射対応),141,1236935
2026-05,SKU0301,フィルグラスチムBS注「サンド」,病院,997,4984677
2026-05,SKU0301,フィルグラスチムBS注「サンド」,クリニック(注射対応),191,955973
2026-05,SKU0302,フィルグラスチムBS注「サンド」,病院,862,7575251
2026-05,SKU0302,フィルグラスチムBS注「サンド」,クリニック(注射対応),151,1328306
2023-01,SKU0401,インフリキシマブBS点滴静注用「サンド」,病院,3,124459
2023-01,SKU0401,インフリキシマブBS点滴静注用「サンド」,クリニック(注射対応),1,23324
2023-02,SKU0401,インフリキシマブBS点滴静注用「サンド」,病院,11,405023
2023-02,SKU0401,インフリキシマブBS点滴静注用「サンド」,クリニック(注射対応),2,78554
2023-03,SKU0401,インフリキシマブBS点滴静注用「サンド」,病院,10,362351
2023-03,SKU0401,インフリキシマブBS点滴静注用「サンド」,クリニック(注射対応),2,67048
2023-04,SKU0401,インフリキシマブBS点滴静注用「サンド」,病院,15,523008
2023-04,SKU0401,インフリキシマブBS点滴静注用「サンド」,クリニック(注射対応),3,95877
2023-05,SKU0401,インフリキシマブBS点滴静注用「サンド」,病院,18,637700
2023-05,SKU0401,インフリキシマブBS点滴静注用「サンド」,クリニック(注射対応),3,110786
2023-06,SKU0401,インフリキシマブBS点滴静注用「サンド」,病院,24,875012
2023-06,SKU0401,インフリキシマブBS点滴静注用「サンド」,クリニック(注射対応),5,162784
2023-07,SKU0401,インフリキシマブBS点滴静注用「サンド」,病院,22,777460
2023-07,SKU0401,インフリキシマブBS点滴静注用「サンド」,クリニック(注射対応),4,133464
2023-08,SKU0401,インフリキシマブBS点滴静注用「サンド」,病院,28,1005550
2023-08,SKU0401,インフリキシマブBS点滴静注用「サンド」,クリニック(注射対応),5,170315
2023-09,SKU0401,インフリキシマブBS点滴静注用「サンド」,病院,28,1024783
2023-09,SKU0401,インフリキシマブBS点滴静注用「サンド」,クリニック(注射対応),5,169323
2023-10,SKU0401,インフリキシマブBS点滴静注用「サンド」,病院,35,1254281
2023-10,SKU0401,インフリキシマブBS点滴静注用「サンド」,クリニック(注射対応),6,217297
2023-11,SKU0401,インフリキシマブBS点滴静注用「サンド」,病院,44,1578840
2023-11,SKU0401,インフリキシマブBS点滴静注用「サンド」,クリニック(注射対応),7,251419
2023-12,SKU0401,インフリキシマブBS点滴静注用「サンド」,病院,54,1950528
2023-12,SKU0401,インフリキシマブBS点滴静注用「サンド」,クリニック(注射対応),10,363901
2024-01,SKU0401,インフリキシマブBS点滴静注用「サンド」,病院,56,2021395
2024-01,SKU0401,インフリキシマブBS点滴静注用「サンド」,クリニック(注射対応),9,337214
2024-02,SKU0401,インフリキシマブBS点滴静注用「サンド」,病院,67,2414613
2024-02,SKU0401,インフリキシマブBS点滴静注用「サンド」,クリニック(注射対応),12,423290
2024-03,SKU0401,インフリキシマブBS点滴静注用「サンド」,病院,61,2203520
2024-03,SKU0401,インフリキシマブBS点滴静注用「サンド」,クリニック(注射対応),10,377513
2024-04,SKU0401,インフリキシマブBS点滴静注用「サンド」,病院,70,2376065
2024-04,SKU0401,インフリキシマブBS点滴静注用「サンド」,クリニック(注射対応),12,400276
2024-05,SKU0401,インフリキシマブBS点滴静注用「サンド」,病院,89,3039538
2024-05,SKU0401,インフリキシマブBS点滴静注用「サンド」,クリニック(注射対応),16,541436
2024-06,SKU0401,インフリキシマブBS点滴静注用「サンド」,病院,124,4210499
2024-06,SKU0401,インフリキシマブBS点滴静注用「サンド」,クリニック(注射対応),21,711885
2024-07,SKU0401,インフリキシマブBS点滴静注用「サンド」,病院,137,4655305
2024-07,SKU0401,インフリキシマブBS点滴静注用「サンド」,クリニック(注射対応),24,806588
2024-08,SKU0401,インフリキシマブBS点滴静注用「サンド」,病院,141,4781244
2024-08,SKU0401,インフリキシマブBS点滴静注用「サンド」,クリニック(注射対応),25,855275
2024-09,SKU0401,インフリキシマブBS点滴静注用「サンド」,病院,140,4748169
2024-09,SKU0401,インフリキシマブBS点滴静注用「サンド」,クリニック(注射対応),25,850422
2024-10,SKU0401,インフリキシマブBS点滴静注用「サンド」,病院,162,5496053
2024-10,SKU0401,インフリキシマブBS点滴静注用「サンド」,クリニック(注射対応),30,1022126
2024-11,SKU0401,インフリキシマブBS点滴静注用「サンド」,病院,186,6314193
2024-11,SKU0401,インフリキシマブBS点滴静注用「サンド」,クリニック(注射対応),34,1157885
2024-12,SKU0401,インフリキシマブBS点滴静注用「サンド」,病院,202,6882047
2024-12,SKU0401,インフリキシマブBS点滴静注用「サンド」,クリニック(注射対応),37,1243596
2025-01,SKU0401,インフリキシマブBS点滴静注用「サンド」,病院,200,6820599
2025-01,SKU0401,インフリキシマブBS点滴静注用「サンド」,クリニック(注射対応),36,1240422
2025-02,SKU0401,インフリキシマブBS点滴静注用「サンド」,病院,208,7083897
2025-02,SKU0401,インフリキシマブBS点滴静注用「サンド」,クリニック(注射対応),36,1210547
2025-03,SKU0401,インフリキシマブBS点滴静注用「サンド」,病院,277,9436472
2025-03,SKU0401,インフリキシマブBS点滴静注用「サンド」,クリニック(注射対応),50,1709564
2025-04,SKU0401,インフリキシマブBS点滴静注用「サンド」,病院,266,8771069
2025-04,SKU0401,インフリキシマブBS点滴静注用「サンド」,クリニック(注射対応),49,1627884
2025-05,SKU0401,インフリキシマブBS点滴静注用「サンド」,病院,293,9659255
2025-05,SKU0401,インフリキシマブBS点滴静注用「サンド」,クリニック(注射対応),56,1851882
2025-06,SKU0401,インフリキシマブBS点滴静注用「サンド」,病院,326,10765116
2025-06,SKU0401,インフリキシマブBS点滴静注用「サンド」,クリニック(注射対応),61,2016452
2025-07,SKU0401,インフリキシマブBS点滴静注用「サンド」,病院,324,10705455
2025-07,SKU0401,インフリキシマブBS点滴静注用「サンド」,クリニック(注射対応),58,1926421
2025-08,SKU0401,インフリキシマブBS点滴静注用「サンド」,病院,393,12966902
2025-08,SKU0401,インフリキシマブBS点滴静注用「サンド」,クリニック(注射対応),64,2119651
2025-09,SKU0401,インフリキシマブBS点滴静注用「サンド」,病院,425,14032249
2025-09,SKU0401,インフリキシマブBS点滴静注用「サンド」,クリニック(注射対応),79,2599177
2025-10,SKU0401,インフリキシマブBS点滴静注用「サンド」,病院,417,13755707
2025-10,SKU0401,インフリキシマブBS点滴静注用「サンド」,クリニック(注射対応),75,2480136
2025-11,SKU0401,インフリキシマブBS点滴静注用「サンド」,病院,475,15684674
2025-11,SKU0401,インフリキシマブBS点滴静注用「サンド」,クリニック(注射対応),81,2672108
2025-12,SKU0401,インフリキシマブBS点滴静注用「サンド」,病院,372,12259925
2025-12,SKU0401,インフリキシマブBS点滴静注用「サンド」,クリニック(注射対応),62,2051565
2026-01,SKU0401,インフリキシマブBS点滴静注用「サンド」,病院,484,15955822
2026-01,SKU0401,インフリキシマブBS点滴静注用「サンド」,クリニック(注射対応),83,2753230
2026-02,SKU0401,インフリキシマブBS点滴静注用「サンド」,病院,472,15577531
2026-02,SKU0401,インフリキシマブBS点滴静注用「サンド」,クリニック(注射対応),86,2845876
2026-03,SKU0401,インフリキシマブBS点滴静注用「サンド」,病院,551,18167325
2026-03,SKU0401,インフリキシマブBS点滴静注用「サンド」,クリニック(注射対応),97,3211408
2026-04,SKU0401,インフリキシマブBS点滴静注用「サンド」,病院,498,15432359
2026-04,SKU0401,インフリキシマブBS点滴静注用「サンド」,クリニック(注射対応),83,2567315
2026-05,SKU0401,インフリキシマブBS点滴静注用「サンド」,病院,564,17485101
2026-05,SKU0401,インフリキシマブBS点滴静注用「サンド」,クリニック(注射対応),92,2866171
