period,sku_id,product_name,distributor,quantity,amount_jpy
2023-01,SKU0101,メトグルコGE「サンド」,卸A,14429,138515
2023-01,SKU0101,メトグルコGE「サンド」,卸B,9914,95170
2023-01,SKU0101,メトグルコGE「サンド」,卸C,5135,49296
2023-02,SKU0101,メトグルコGE「サンド」,卸A,13653,131067
2023-02,SKU0101,メトグルコGE「サンド」,卸B,8535,81933
2023-02,SKU0101,メトグルコGE「サンド」,卸C,4917,47207
2023-03,SKU0101,メトグルコGE「サンド」,卸A,18067,173441
2023-03,SKU0101,メトグルコGE「サンド」,卸B,10892,104563
2023-03,SKU0101,メトグルコGE「サンド」,卸C,6950,66720
2023-04,SKU0101,メトグルコGE「サンド」,卸A,13000,124796
2023-04,SKU0101,メトグルコGE「サンド」,卸B,8345,80111
2023-04,SKU0101,メトグルコGE「サンド」,卸C,4565,43820
2023-05,SKU0101,メトグルコGE「サンド」,卸A,15803,151709
2023-05,SKU0101,メトグルコGE「サンド」,卸B,11292,108404
2023-05,SKU0101,メトグルコGE「サンド」,卸C,5777,55462
2023-06,SKU0101,メトグルコGE「サンド」,卸A,14831,142375
2023-06,SKU0101,メトグルコGE「サンド」,卸B,10901,104654
2023-06,SKU0101,メトグルコGE「サンド」,卸C,7438,71407
2023-07,SKU0101,メトグルコGE「サンド」,卸A,13997,134370
2023-07,SKU0101,メトグルコGE「サンド」,卸B,7358,70635
2023-07,SKU0101,メトグルコGE「サンド」,卸C,3460,33214
2023-08,SKU0101,メトグルコGE「サンド」,卸A,16439,157813
2023-08,SKU0101,メトグルコGE「サンド」,卸B,11356,109016
2023-08,SKU0101,メトグルコGE「サンド」,卸C,7206,69178
2023-09,SKU0101,メトグルコGE「サンド」,卸A,17943,172257
2023-09,SKU0101,メトグルコGE「サンド」,卸B,11385,109292
2023-09,SKU0101,メトグルコGE「サンド」,卸C,6666,63990
2023-10,SKU0101,メトグルコGE「サンド」,卸A,14734,141448
2023-10,SKU0101,メトグルコGE「サンド」,卸B,9520,91393
2023-10,SKU0101,メトグルコGE「サンド」,卸C,5630,54050
2023-11,SKU0101,メトグルコGE「サンド」,卸A,14572,139892
2023-11,SKU0101,メトグルコGE「サンド」,卸B,11991,115117
2023-11,SKU0101,メトグルコGE「サンド」,卸C,6087,58436
2023-12,SKU0101,メトグルコGE「サンド」,卸A,21924,210475
2023-12,SKU0101,メトグルコGE「サンド」,卸B,10497,100772
2023-12,SKU0101,メトグルコGE「サンド」,卸C,7555,72532
2024-01,SKU0101,メトグルコGE「サンド」,卸A,14626,140411
2024-01,SKU0101,メトグルコGE「サンド」,卸B,11508,110475
2024-01,SKU0101,メトグルコGE「サンド」,卸C,5857,56231
2024-02,SKU0101,メトグルコGE「サンド」,卸A,20952,201144
2024-02,SKU0101,メトグルコGE「サンド」,卸B,12548,120458
2024-02,SKU0101,メトグルコGE「サンド」,卸C,6959,66806
2024-03,SKU0101,メトグルコGE「サンド」,卸A,23581,226374
2024-03,SKU0101,メトグルコGE「サンド」,卸B,16856,161820
2024-03,SKU0101,メトグルコGE「サンド」,卸C,7831,75174
2024-04,SKU0101,メトグルコGE「サンド」,卸A,9625,87319
2024-04,SKU0101,メトグルコGE「サンド」,卸B,3453,31326
2024-04,SKU0101,メトグルコGE「サンド」,卸C,3613,32776
2024-05,SKU0101,メトグルコGE「サンド」,卸A,20006,181494
2024-05,SKU0101,メトグルコGE「サンド」,卸B,11460,103967
2024-05,SKU0101,メトグルコGE「サンド」,卸C,7621,69133
2024-06,SKU0101,メトグルコGE「サンド」,卸A,20642,187263
2024-06,SKU0101,メトグルコGE「サンド」,卸B,16303,147898
2024-06,SKU0101,メトグルコGE「サンド」,卸C,7479,67850
2024-07,SKU0101,メトグルコGE「サンド」,卸A,22754,206426
2024-07,SKU0101,メトグルコGE「サンド」,卸B,12223,110890
2024-07,SKU0101,メトグルコGE「サンド」,卸C,8795,79786
2024-08,SKU0101,メトグルコGE「サンド」,卸A,20213,183371
2024-08,SKU0101,メトグルコGE「サンド」,卸B,14287,129612
2024-08,SKU0101,メトグルコGE「サンド」,卸C,6833,61988
2024-09,SKU0101,メトグルコGE「サンド」,卸A,20755,188290
2024-09,SKU0101,メトグルコGE「サンド」,卸B,10684,96925
2024-09,SKU0101,メトグルコGE「サンド」,卸C,7159,64945
2024-10,SKU0101,メトグルコGE「サンド」,卸A,20566,186579
2024-10,SKU0101,メトグルコGE「サンド」,卸B,14002,127030
2024-10,SKU0101,メトグルコGE「サンド」,卸C,7694,69796
2024-11,SKU0101,メトグルコGE「サンド」,卸A,18662,169303
2024-11,SKU0101,メトグルコGE「サンド」,卸B,12352,112053
2024-11,SKU0101,メトグルコGE「サンド」,卸C,6158,55862
2024-12,SKU0101,メトグルコGE「サンド」,卸A,26886,243907
2024-12,SKU0101,メトグルコGE「サンド」,卸B,19428,176255
2024-12,SKU0101,メトグルコGE「サンド」,卸C,10836,98308
2025-01,SKU0101,メトグルコGE「サンド」,卸A,19110,173364
2025-01,SKU0101,メトグルコGE「サンド」,卸B,9749,88447
2025-01,SKU0101,メトグルコGE「サンド」,卸C,6339,57510
2025-02,SKU0101,メトグルコGE「サンド」,卸A,16980,154039
2025-02,SKU0101,メトグルコGE「サンド」,卸B,9984,90573
2025-02,SKU0101,メトグルコGE「サンド」,卸C,7599,68938
2025-03,SKU0101,メトグルコGE「サンド」,卸A,33248,301625
2025-03,SKU0101,メトグルコGE「サンド」,卸B,25596,232205
2025-03,SKU0101,メトグルコGE「サンド」,卸C,12007,108926
2025-04,SKU0101,メトグルコGE「サンド」,卸A,12246,107760
2025-04,SKU0101,メトグルコGE「サンド」,卸B,4107,36144
2025-04,SKU0101,メトグルコGE「サンド」,卸C,2287,20123
2025-05,SKU0101,メトグルコGE「サンド」,卸A,23012,202499
2025-05,SKU0101,メトグルコGE「サンド」,卸B,11978,105402
2025-05,SKU0101,メトグルコGE「サンド」,卸C,7474,65773
2025-06,SKU0101,メトグルコGE「サンド」,卸A,29007,255257
2025-06,SKU0101,メトグルコGE「サンド」,卸B,21412,188422
2025-06,SKU0101,メトグルコGE「サンド」,卸C,12940,113871
2025-07,SKU0101,メトグルコGE「サンド」,卸A,24423,214921
2025-07,SKU0101,メトグルコGE「サンド」,卸B,15382,135362
2025-07,SKU0101,メトグルコGE「サンド」,卸C,7875,69296
2025-08,SKU0101,メトグルコGE「サンド」,卸A,19921,175304
2025-08,SKU0101,メトグルコGE「サンド」,卸B,12773,112396
2025-08,SKU0101,メトグルコGE「サンド」,卸C,6202,54581
2025-09,SKU0101,メトグルコGE「サンド」,卸A,23165,203850
2025-09,SKU0101,メトグルコGE「サンド」,卸B,15333,134931
2025-09,SKU0101,メトグルコGE「サンド」,卸C,8870,78051
2025-10,SKU0101,メトグルコGE「サンド」,卸A,27240,239703
2025-10,SKU0101,メトグルコGE「サンド」,卸B,15565,136974
2025-10,SKU0101,メトグルコGE「サンド」,卸C,10081,88707
2025-11,SKU0101,メトグルコGE「サンド」,卸A,19718,173516
2025-11,SKU0101,メトグルコGE「サンド」,卸B,15004,132033
2025-11,SKU0101,メトグルコGE「サンド」,卸C,6599,58071
2025-12,SKU0101,メトグルコGE「サンド」,卸A,27846,245039
2025-12,SKU0101,メトグルコGE「サンド」,卸B,16422,144507
2025-12,SKU0101,メトグルコGE「サンド」,卸C,10391,91443
2026-01,SKU0101,メトグルコGE「サンド」,卸A,24473,215355
2026-01,SKU0101,メトグルコGE「サンド」,卸B,15348,135062
2026-01,SKU0101,メトグルコGE「サンド」,卸C,8327,73276
2026-02,SKU0101,メトグルコGE「サンド」,卸A,25019,220159
2026-02,SKU0101,メトグルコGE「サンド」,卸B,15732,138441
2026-02,SKU0101,メトグルコGE「サンド」,卸C,11034,97095
2026-03,SKU0101,メトグルコGE「サンド」,卸A,32509,286076
2026-03,SKU0101,メトグルコGE「サンド」,卸B,18790,165345
2026-03,SKU0101,メトグルコGE「サンド」,卸C,11155,98164
2026-04,SKU0101,メトグルコGE「サンド」,卸A,10328,85429
2026-04,SKU0101,メトグルコGE「サンド」,卸B,4947,40925
2026-04,SKU0101,メトグルコGE「サンド」,卸C,1296,10717
2026-05,SKU0101,メトグルコGE「サンド」,卸A,24498,202643
2026-05,SKU0101,メトグルコGE「サンド」,卸B,15891,131451
2026-05,SKU0101,メトグルコGE「サンド」,卸C,9380,77590
2023-01,SKU0102,メトグルコGE「サンド」,卸A,17803,170912
2023-01,SKU0102,メトグルコGE「サンド」,卸B,11484,110250
2023-01,SKU0102,メトグルコGE「サンド」,卸C,6549,62868
2023-02,SKU0102,メトグルコGE「サンド」,卸A,15489,148694
2023-02,SKU0102,メトグルコGE「サンド」,卸B,9446,90686
2023-02,SKU0102,メトグルコGE「サンド」,卸C,6309,60571
2023-03,SKU0102,メトグルコGE「サンド」,卸A,21392,205364
2023-03,SKU0102,メトグルコGE「サンド」,卸B,14530,139488
2023-03,SKU0102,メトグルコGE「サンド」,卸C,6938,66603
2023-04,SKU0102,メトグルコGE「サンド」,卸A,14938,143404
2023-04,SKU0102,メトグルコGE「サンド」,卸B,7947,76289
2023-04,SKU0102,メトグルコGE「サンド」,卸C,5582,53585
2023-05,SKU0102,メトグルコGE「サンド」,卸A,20038,192367
2023-05,SKU0102,メトグルコGE「サンド」,卸B,13462,129238
2023-05,SKU0102,メトグルコGE「サンド」,卸C,6882,66068
2023-06,SKU0102,メトグルコGE「サンド」,卸A,17327,166336
2023-06,SKU0102,メトグルコGE「サンド」,卸B,10169,97627
2023-06,SKU0102,メトグルコGE「サンド」,卸C,6458,61993
2023-07,SKU0102,メトグルコGE「サンド」,卸A,13872,133168
2023-07,SKU0102,メトグルコGE「サンド」,卸B,9822,94294
2023-07,SKU0102,メトグルコGE「サンド」,卸C,6065,58222
2023-08,SKU0102,メトグルコGE「サンド」,卸A,18055,173332
2023-08,SKU0102,メトグルコGE「サンド」,卸B,13139,126136
2023-08,SKU0102,メトグルコGE「サンド」,卸C,7263,69724
2023-09,SKU0102,メトグルコGE「サンド」,卸A,18172,174447
2023-09,SKU0102,メトグルコGE「サンド」,卸B,12724,122155
2023-09,SKU0102,メトグルコGE「サンド」,卸C,6202,59542
2023-10,SKU0102,メトグルコGE「サンド」,卸A,16966,162873
2023-10,SKU0102,メトグルコGE「サンド」,卸B,8170,78428
2023-10,SKU0102,メトグルコGE「サンド」,卸C,5466,52470
2023-11,SKU0102,メトグルコGE「サンド」,卸A,17541,168391
2023-11,SKU0102,メトグルコGE「サンド」,卸B,13245,127149
2023-11,SKU0102,メトグルコGE「サンド」,卸C,7249,69589
2023-12,SKU0102,メトグルコGE「サンド」,卸A,20353,195384
2023-12,SKU0102,メトグルコGE「サンド」,卸B,12604,121002
2023-12,SKU0102,メトグルコGE「サンド」,卸C,6783,65117
2024-01,SKU0102,メトグルコGE「サンド」,卸A,18323,175899
2024-01,SKU0102,メトグルコGE「サンド」,卸B,11893,114171
2024-01,SKU0102,メトグルコGE「サンド」,卸C,5281,50697
2024-02,SKU0102,メトグルコGE「サンド」,卸A,19507,187267
2024-02,SKU0102,メトグルコGE「サンド」,卸B,11591,111275
2024-02,SKU0102,メトグルコGE「サンド」,卸C,7672,73650
2024-03,SKU0102,メトグルコGE「サンド」,卸A,25294,242824
2024-03,SKU0102,メトグルコGE「サンド」,卸B,16345,156911
2024-03,SKU0102,メトグルコGE「サンド」,卸C,7960,76412
2024-04,SKU0102,メトグルコGE「サンド」,卸A,5009,45446
2024-04,SKU0102,メトグルコGE「サンド」,卸B,2661,24136
2024-04,SKU0102,メトグルコGE「サンド」,卸C,2470,22404
2024-05,SKU0102,メトグルコGE「サンド」,卸A,18351,166477
2024-05,SKU0102,メトグルコGE「サンド」,卸B,12278,111390
2024-05,SKU0102,メトグルコGE「サンド」,卸C,6705,60828
2024-06,SKU0102,メトグルコGE「サンド」,卸A,18508,167907
2024-06,SKU0102,メトグルコGE「サンド」,卸B,11169,101324
2024-06,SKU0102,メトグルコGE「サンド」,卸C,7207,65385
2024-07,SKU0102,メトグルコGE「サンド」,卸A,20181,183079
2024-07,SKU0102,メトグルコGE「サンド」,卸B,11170,101336
2024-07,SKU0102,メトグルコGE「サンド」,卸C,7920,71847
2024-08,SKU0102,メトグルコGE「サンド」,卸A,16659,151128
2024-08,SKU0102,メトグルコGE「サンド」,卸B,13946,126514
2024-08,SKU0102,メトグルコGE「サンド」,卸C,5972,54179
2024-09,SKU0102,メトグルコGE「サンド」,卸A,17582,159501
2024-09,SKU0102,メトグルコGE「サンド」,卸B,10923,99090
2024-09,SKU0102,メトグルコGE「サンド」,卸C,6815,61828
2024-10,SKU0102,メトグルコGE「サンド」,卸A,17574,159433
2024-10,SKU0102,メトグルコGE「サンド」,卸B,10778,97775
2024-10,SKU0102,メトグルコGE「サンド」,卸C,5309,48164
2024-11,SKU0102,メトグルコGE「サンド」,卸A,14500,131540
2024-11,SKU0102,メトグルコGE「サンド」,卸B,9611,87192
2024-11,SKU0102,メトグルコGE「サンド」,卸C,5153,46747
2024-12,SKU0102,メトグルコGE「サンド」,卸A,23561,213743
2024-12,SKU0102,メトグルコGE「サンド」,卸B,13702,124308
2024-12,SKU0102,メトグルコGE「サンド」,卸C,8923,80952
2025-01,SKU0102,メトグルコGE「サンド」,卸A,15920,144422
2025-01,SKU0102,メトグルコGE「サンド」,卸B,9552,86658
2025-01,SKU0102,メトグルコGE「サンド」,卸C,4690,42550
2025-02,SKU0102,メトグルコGE「サンド」,卸A,14883,135016
2025-02,SKU0102,メトグルコGE「サンド」,卸B,9646,87511
2025-02,SKU0102,メトグルコGE「サンド」,卸C,4760,43186
2025-03,SKU0102,メトグルコGE「サンド」,卸A,24194,219488
2025-03,SKU0102,メトグルコGE「サンド」,卸B,18810,170642
2025-03,SKU0102,メトグルコGE「サンド」,卸C,11155,101200
2025-04,SKU0102,メトグルコGE「サンド」,卸A,11602,102094
2025-04,SKU0102,メトグルコGE「サンド」,卸B,4032,35478
2025-04,SKU0102,メトグルコGE「サンド」,卸C,987,8683
2025-05,SKU0102,メトグルコGE「サンド」,卸A,15710,138243
2025-05,SKU0102,メトグルコGE「サンド」,卸B,10758,94666
2025-05,SKU0102,メトグルコGE「サンド」,卸C,5762,50708
2025-06,SKU0102,メトグルコGE「サンド」,卸A,26239,230900
2025-06,SKU0102,メトグルコGE「サンド」,卸B,14398,126698
2025-06,SKU0102,メトグルコGE「サンド」,卸C,9223,81161
2025-07,SKU0102,メトグルコGE「サンド」,卸A,14807,130298
2025-07,SKU0102,メトグルコGE「サンド」,卸B,11343,99819
2025-07,SKU0102,メトグルコGE「サンド」,卸C,4981,43833
2025-08,SKU0102,メトグルコGE「サンド」,卸A,15188,133650
2025-08,SKU0102,メトグルコGE「サンド」,卸B,8658,76188
2025-08,SKU0102,メトグルコGE「サンド」,卸C,5625,49500
2025-09,SKU0102,メトグルコGE「サンド」,卸A,15185,133621
2025-09,SKU0102,メトグルコGE「サンド」,卸B,12181,107187
2025-09,SKU0102,メトグルコGE「サンド」,卸C,6753,59428
2025-10,SKU0102,メトグルコGE「サンド」,卸A,21195,186509
2025-10,SKU0102,メトグルコGE「サンド」,卸B,10340,90986
2025-10,SKU0102,メトグルコGE「サンド」,卸C,5539,48741
2025-11,SKU0102,メトグルコGE「サンド」,卸A,13322,117234
2025-11,SKU0102,メトグルコGE「サンド」,卸B,9719,85523
2025-11,SKU0102,メトグルコGE「サンド」,卸C,5789,50938
2025-12,SKU0102,メトグルコGE「サンド」,卸A,19272,169587
2025-12,SKU0102,メトグルコGE「サンド」,卸B,13537,119125
2025-12,SKU0102,メトグルコGE「サンド」,卸C,5298,46622
2026-01,SKU0102,メトグルコGE「サンド」,卸A,15398,135503
2026-01,SKU0102,メトグルコGE「サンド」,卸B,9927,87353
2026-01,SKU0102,メトグルコGE「サンド」,卸C,8204,72191
2026-02,SKU0102,メトグルコGE「サンド」,卸A,17647,155294
2026-02,SKU0102,メトグルコGE「サンド」,卸B,10068,88600
2026-02,SKU0102,メトグルコGE「サンド」,卸C,4760,41883
2026-03,SKU0102,メトグルコGE「サンド」,卸A,19201,168968
2026-03,SKU0102,メトグルコGE「サンド」,卸B,12727,111994
2026-03,SKU0102,メトグルコGE「サンド」,卸C,7799,68628
2026-04,SKU0102,メトグルコGE「サンド」,卸A,6383,52803
2026-04,SKU0102,メトグルコGE「サンド」,卸B,3106,25690
2026-04,SKU0102,メトグルコGE「サンド」,卸C,551,4560
2026-05,SKU0102,メトグルコGE「サンド」,卸A,15243,126084
2026-05,SKU0102,メトグルコGE「サンド」,卸B,10359,85686
2026-05,SKU0102,メトグルコGE「サンド」,卸C,6329,52350
2023-01,SKU0201,アトルバスタチンOD錠「サンド」,卸A,13303,188901
2023-01,SKU0201,アトルバスタチンOD錠「サンド」,卸B,8823,125293
2023-01,SKU0201,アトルバスタチンOD錠「サンド」,卸C,4832,68616
2023-02,SKU0201,アトルバスタチンOD錠「サンド」,卸A,10484,148867
2023-02,SKU0201,アトルバスタチンOD錠「サンド」,卸B,6175,87682
2023-02,SKU0201,アトルバスタチンOD錠「サンド」,卸C,3606,51212
2023-03,SKU0201,アトルバスタチンOD錠「サンド」,卸A,13084,185792
2023-03,SKU0201,アトルバスタチンOD錠「サンド」,卸B,9660,137166
2023-03,SKU0201,アトルバスタチンOD錠「サンド」,卸C,4646,65969
2023-04,SKU0201,アトルバスタチンOD錠「サンド」,卸A,10537,149625
2023-04,SKU0201,アトルバスタチンOD錠「サンド」,卸B,5615,79736
2023-04,SKU0201,アトルバスタチンOD錠「サンド」,卸C,4079,57918
2023-05,SKU0201,アトルバスタチンOD錠「サンド」,卸A,10797,153313
2023-05,SKU0201,アトルバスタチンOD錠「サンド」,卸B,8476,120363
2023-05,SKU0201,アトルバスタチンOD錠「サンド」,卸C,3983,56557
2023-06,SKU0201,アトルバスタチンOD錠「サンド」,卸A,13504,191754
2023-06,SKU0201,アトルバスタチンOD錠「サンド」,卸B,7233,102705
2023-06,SKU0201,アトルバスタチンOD錠「サンド」,卸C,5084,72191
2023-07,SKU0201,アトルバスタチンOD錠「サンド」,卸A,10058,142819
2023-07,SKU0201,アトルバスタチンOD錠「サンド」,卸B,6990,99265
2023-07,SKU0201,アトルバスタチンOD錠「サンド」,卸C,3549,50390
2023-08,SKU0201,アトルバスタチンOD錠「サンド」,卸A,12643,179529
2023-08,SKU0201,アトルバスタチンOD錠「サンド」,卸B,9089,129071
2023-08,SKU0201,アトルバスタチンOD錠「サンド」,卸C,3497,49650
2023-09,SKU0201,アトルバスタチンOD錠「サンド」,卸A,12472,177099
2023-09,SKU0201,アトルバスタチンOD錠「サンド」,卸B,8241,117017
2023-09,SKU0201,アトルバスタチンOD錠「サンド」,卸C,5339,75810
2023-10,SKU0201,アトルバスタチンOD錠「サンド」,卸A,11747,166801
2023-10,SKU0201,アトルバスタチンOD錠「サンド」,卸B,8170,116019
2023-10,SKU0201,アトルバスタチンOD錠「サンド」,卸C,5325,75613
2023-11,SKU0201,アトルバスタチンOD錠「サンド」,卸A,12257,174045
2023-11,SKU0201,アトルバスタチンOD錠「サンド」,卸B,8132,115477
2023-11,SKU0201,アトルバスタチンOD錠「サンド」,卸C,3514,49898
2023-12,SKU0201,アトルバスタチンOD錠「サンド」,卸A,15925,226137
2023-12,SKU0201,アトルバスタチンOD錠「サンド」,卸B,9411,133633
2023-12,SKU0201,アトルバスタチンOD錠「サンド」,卸C,5840,82931
2024-01,SKU0201,アトルバスタチンOD錠「サンド」,卸A,13666,194058
2024-01,SKU0201,アトルバスタチンOD錠「サンド」,卸B,7590,107781
2024-01,SKU0201,アトルバスタチンOD錠「サンド」,卸C,4721,67032
2024-02,SKU0201,アトルバスタチンOD錠「サンド」,卸A,10274,145884
2024-02,SKU0201,アトルバスタチンOD錠「サンド」,卸B,7841,111337
2024-02,SKU0201,アトルバスタチンOD錠「サンド」,卸C,3968,56341
2024-03,SKU0201,アトルバスタチンOD錠「サンド」,卸A,15993,227104
2024-03,SKU0201,アトルバスタチンOD錠「サンド」,卸B,10339,146819
2024-03,SKU0201,アトルバスタチンOD錠「サンド」,卸C,5341,75842
2024-04,SKU0201,アトルバスタチンOD錠「サンド」,卸A,7427,99662
2024-04,SKU0201,アトルバスタチンOD錠「サンド」,卸B,4649,62388
2024-04,SKU0201,アトルバスタチンOD錠「サンド」,卸C,2450,32879
2024-05,SKU0201,アトルバスタチンOD錠「サンド」,卸A,14846,199220
2024-05,SKU0201,アトルバスタチンOD錠「サンド」,卸B,9542,128042
2024-05,SKU0201,アトルバスタチンOD錠「サンド」,卸C,5214,69972
2024-06,SKU0201,アトルバスタチンOD錠「サンド」,卸A,13678,183548
2024-06,SKU0201,アトルバスタチンOD錠「サンド」,卸B,10305,138281
2024-06,SKU0201,アトルバスタチンOD錠「サンド」,卸C,5759,77283
2024-07,SKU0201,アトルバスタチンOD錠「サンド」,卸A,13777,184868
2024-07,SKU0201,アトルバスタチンOD錠「サンド」,卸B,6563,88075
2024-07,SKU0201,アトルバスタチンOD錠「サンド」,卸C,3836,51473
2024-08,SKU0201,アトルバスタチンOD錠「サンド」,卸A,13340,179005
2024-08,SKU0201,アトルバスタチンOD錠「サンド」,卸B,7885,105803
2024-08,SKU0201,アトルバスタチンOD錠「サンド」,卸C,4968,66672
2024-09,SKU0201,アトルバスタチンOD錠「サンド」,卸A,10665,143107
2024-09,SKU0201,アトルバスタチンOD錠「サンド」,卸B,9818,131754
2024-09,SKU0201,アトルバスタチンOD錠「サンド」,卸C,4501,60395
2024-10,SKU0201,アトルバスタチンOD錠「サンド」,卸A,14730,197663
2024-10,SKU0201,アトルバスタチンOD錠「サンド」,卸B,6442,86449
2024-10,SKU0201,アトルバスタチンOD錠「サンド」,卸C,4677,62756
2024-11,SKU0201,アトルバスタチンOD錠「サンド」,卸A,11533,154761
2024-11,SKU0201,アトルバスタチンOD錠「サンド」,卸B,9600,128825
2024-11,SKU0201,アトルバスタチンOD錠「サンド」,卸C,4839,64934
2024-12,SKU0201,アトルバスタチンOD錠「サンド」,卸A,11920,159954
2024-12,SKU0201,アトルバスタチンOD錠「サンド」,卸B,5317,71343
2024-12,SKU0201,アトルバスタチンOD錠「サンド」,卸C,3936,52811
2025-01,SKU0201,アトルバスタチンOD錠「サンド」,卸A,12131,162783
2025-01,SKU0201,アトルバスタチンOD錠「サンド」,卸B,8257,110804
2025-01,SKU0201,アトルバスタチンOD錠「サンド」,卸C,3658,49092
2025-02,SKU0201,アトルバスタチンOD錠「サンド」,卸A,15367,206205
2025-02,SKU0201,アトルバスタチンOD錠「サンド」,卸B,9377,125823
2025-02,SKU0201,アトルバスタチンOD錠「サンド」,卸C,4910,65894
2025-03,SKU0201,アトルバスタチンOD錠「サンド」,卸A,14351,192583
2025-03,SKU0201,アトルバスタチンOD錠「サンド」,卸B,12213,163881
2025-03,SKU0201,アトルバスタチンOD錠「サンド」,卸C,5945,79773
2025-04,SKU0201,アトルバスタチンOD錠「サンド」,卸A,3668,47739
2025-04,SKU0201,アトルバスタチンOD錠「サンド」,卸B,0,0
2025-04,SKU0201,アトルバスタチンOD錠「サンド」,卸C,320,4167
2025-05,SKU0201,アトルバスタチンOD錠「サンド」,卸A,12777,166307
2025-05,SKU0201,アトルバスタチンOD錠「サンド」,卸B,9446,122959
2025-05,SKU0201,アトルバスタチンOD錠「サンド」,卸C,4847,63085
2025-06,SKU0201,アトルバスタチンOD錠「サンド」,卸A,14169,184435
2025-06,SKU0201,アトルバスタチンOD錠「サンド」,卸B,7803,101565
2025-06,SKU0201,アトルバスタチンOD錠「サンド」,卸C,4627,60229
2025-07,SKU0201,アトルバスタチンOD錠「サンド」,卸A,9934,129309
2025-07,SKU0201,アトルバスタチンOD錠「サンド」,卸B,7174,93378
2025-07,SKU0201,アトルバスタチンOD錠「サンド」,卸C,4155,54084
2025-08,SKU0201,アトルバスタチンOD錠「サンド」,卸A,13383,174199
2025-08,SKU0201,アトルバスタチンOD錠「サンド」,卸B,8393,109251
2025-08,SKU0201,アトルバスタチンOD錠「サンド」,卸C,4058,52815
2025-09,SKU0201,アトルバスタチンOD錠「サンド」,卸A,11087,144312
2025-09,SKU0201,アトルバスタチンOD錠「サンド」,卸B,5803,75529
2025-09,SKU0201,アトルバスタチンOD錠「サンド」,卸C,4467,58143
2025-10,SKU0201,アトルバスタチンOD錠「サンド」,卸A,10824,140887
2025-10,SKU0201,アトルバスタチンOD錠「サンド」,卸B,9997,130124
2025-10,SKU0201,アトルバスタチンOD錠「サンド」,卸C,4065,52914
2025-11,SKU0201,アトルバスタチンOD錠「サンド」,卸A,14241,185362
2025-11,SKU0201,アトルバスタチンOD錠「サンド」,卸B,6894,89740
2025-11,SKU0201,アトルバスタチンOD錠「サンド」,卸C,5794,75416
2025-12,SKU0201,アトルバスタチンOD錠「サンド」,卸A,12649,164645
2025-12,SKU0201,アトルバスタチンOD錠「サンド」,卸B,8749,113876
2025-12,SKU0201,アトルバスタチンOD錠「サンド」,卸C,4161,54157
2026-01,SKU0201,アトルバスタチンOD錠「サンド」,卸A,8044,104698
2026-01,SKU0201,アトルバスタチンOD錠「サンド」,卸B,4808,62577
2026-01,SKU0201,アトルバスタチンOD錠「サンド」,卸C,2410,31368
2026-02,SKU0201,アトルバスタチンOD錠「サンド」,卸A,12402,161433
2026-02,SKU0201,アトルバスタチンOD錠「サンド」,卸B,9274,120714
2026-02,SKU0201,アトルバスタチンOD錠「サンド」,卸C,5277,68684
2026-03,SKU0201,アトルバスタチンOD錠「サンド」,卸A,16661,216864
2026-03,SKU0201,アトルバスタチンOD錠「サンド」,卸B,13488,175572
2026-03,SKU0201,アトルバスタチンOD錠「サンド」,卸C,6556,85332
2026-04,SKU0201,アトルバスタチンOD錠「サンド」,卸A,5840,71459
2026-04,SKU0201,アトルバスタチンOD錠「サンド」,卸B,0,0
2026-04,SKU0201,アトルバスタチンOD錠「サンド」,卸C,647,7916
2026-05,SKU0201,アトルバスタチンOD錠「サンド」,卸A,10001,122368
2026-05,SKU0201,アトルバスタチンOD錠「サンド」,卸B,7202,88115
2026-05,SKU0201,アトルバスタチンOD錠「サンド」,卸C,3093,37842
2023-01,SKU0202,アトルバスタチンOD錠「サンド」,卸A,8724,213742
2023-01,SKU0202,アトルバスタチンOD錠「サンド」,卸B,5843,143161
2023-01,SKU0202,アトルバスタチンOD錠「サンド」,卸C,3214,78751
2023-02,SKU0202,アトルバスタチンOD錠「サンド」,卸A,7838,192028
2023-02,SKU0202,アトルバスタチンOD錠「サンド」,卸B,4941,121052
2023-02,SKU0202,アトルバスタチンOD錠「サンド」,卸C,2434,59638
2023-03,SKU0202,アトルバスタチンOD錠「サンド」,卸A,8778,215058
2023-03,SKU0202,アトルバスタチンOD錠「サンド」,卸B,5161,126456
2023-03,SKU0202,アトルバスタチンOD錠「サンド」,卸C,2845,69709
2023-04,SKU0202,アトルバスタチンOD錠「サンド」,卸A,8031,196752
2023-04,SKU0202,アトルバスタチンOD錠「サンド」,卸B,5666,138828
2023-04,SKU0202,アトルバスタチンOD錠「サンド」,卸C,3071,75239
2023-05,SKU0202,アトルバスタチンOD錠「サンド」,卸A,8244,201968
2023-05,SKU0202,アトルバスタチンOD錠「サンド」,卸B,5527,135409
2023-05,SKU0202,アトルバスタチンOD錠「サンド」,卸C,3361,82350
2023-06,SKU0202,アトルバスタチンOD錠「サンド」,卸A,9759,239093
2023-06,SKU0202,アトルバスタチンOD錠「サンド」,卸B,6075,148827
2023-06,SKU0202,アトルバスタチンOD錠「サンド」,卸C,3993,97836
2023-07,SKU0202,アトルバスタチンOD錠「サンド」,卸A,7358,180282
2023-07,SKU0202,アトルバスタチンOD錠「サンド」,卸B,5085,124575
2023-07,SKU0202,アトルバスタチンOD錠「サンド」,卸C,2423,59361
2023-08,SKU0202,アトルバスタチンOD錠「サンド」,卸A,10255,251244
2023-08,SKU0202,アトルバスタチンOD錠「サンド」,卸B,6366,155964
2023-08,SKU0202,アトルバスタチンOD錠「サンド」,卸C,3632,88976
2023-09,SKU0202,アトルバスタチンOD錠「サンド」,卸A,9704,237759
2023-09,SKU0202,アトルバスタチンOD錠「サンド」,卸B,5921,145072
2023-09,SKU0202,アトルバスタチンOD錠「サンド」,卸C,3474,85121
2023-10,SKU0202,アトルバスタチンOD錠「サンド」,卸A,10152,248718
2023-10,SKU0202,アトルバスタチンOD錠「サンド」,卸B,6826,167239
2023-10,SKU0202,アトルバスタチンOD錠「サンド」,卸C,3509,85968
2023-11,SKU0202,アトルバスタチンOD錠「サンド」,卸A,10419,255274
2023-11,SKU0202,アトルバスタチンOD錠「サンド」,卸B,5364,131420
2023-11,SKU0202,アトルバスタチンOD錠「サンド」,卸C,4457,109196
2023-12,SKU0202,アトルバスタチンOD錠「サンド」,卸A,10291,252142
2023-12,SKU0202,アトルバスタチンOD錠「サンド」,卸B,7984,195612
2023-12,SKU0202,アトルバスタチンOD錠「サンド」,卸C,4082,100007
2024-01,SKU0202,アトルバスタチンOD錠「サンド」,卸A,10533,258047
2024-01,SKU0202,アトルバスタチンOD錠「サンド」,卸B,6605,161824
2024-01,SKU0202,アトルバスタチンOD錠「サンド」,卸C,2806,68747
2024-02,SKU0202,アトルバスタチンOD錠「サンド」,卸A,9218,225847
2024-02,SKU0202,アトルバスタチンOD錠「サンド」,卸B,5539,135695
2024-02,SKU0202,アトルバスタチンOD錠「サンド」,卸C,3484,85351
2024-03,SKU0202,アトルバスタチンOD錠「サンド」,卸A,13411,328579
2024-03,SKU0202,アトルバスタチンOD錠「サンド」,卸B,10127,248102
2024-03,SKU0202,アトルバスタチンOD錠「サンド」,卸C,5189,127128
2024-04,SKU0202,アトルバスタチンOD錠「サンド」,卸A,5162,119511
2024-04,SKU0202,アトルバスタチンOD錠「サンド」,卸B,1445,33463
2024-04,SKU0202,アトルバスタチンOD錠「サンド」,卸C,1370,31727
2024-05,SKU0202,アトルバスタチンOD錠「サンド」,卸A,11178,258810
2024-05,SKU0202,アトルバスタチンOD錠「サンド」,卸B,9315,215674
2024-05,SKU0202,アトルバスタチンOD錠「サンド」,卸C,4578,106000
2024-06,SKU0202,アトルバスタチンOD錠「サンド」,卸A,13899,321797
2024-06,SKU0202,アトルバスタチンOD錠「サンド」,卸B,7896,182804
2024-06,SKU0202,アトルバスタチンOD錠「サンド」,卸C,4863,112584
2024-07,SKU0202,アトルバスタチンOD錠「サンド」,卸A,9379,217139
2024-07,SKU0202,アトルバスタチンOD錠「サンド」,卸B,8805,203857
2024-07,SKU0202,アトルバスタチンOD錠「サンド」,卸C,4580,106031
2024-08,SKU0202,アトルバスタチンOD錠「サンド」,卸A,12245,283511
2024-08,SKU0202,アトルバスタチンOD錠「サンド」,卸B,6156,142538
2024-08,SKU0202,アトルバスタチンOD錠「サンド」,卸C,4767,110380
2024-09,SKU0202,アトルバスタチンOD錠「サンド」,卸A,9973,230908
2024-09,SKU0202,アトルバスタチンOD錠「サンド」,卸B,7142,165362
2024-09,SKU0202,アトルバスタチンOD錠「サンド」,卸C,3502,81085
2024-10,SKU0202,アトルバスタチンOD錠「サンド」,卸A,12995,300859
2024-10,SKU0202,アトルバスタチンOD錠「サンド」,卸B,8425,195061
2024-10,SKU0202,アトルバスタチンOD錠「サンド」,卸C,4524,104731
2024-11,SKU0202,アトルバスタチンOD錠「サンド」,卸A,11668,270146
2024-11,SKU0202,アトルバスタチンOD錠「サンド」,卸B,5989,138654
2024-11,SKU0202,アトルバスタチンOD錠「サンド」,卸C,4323,100089
2024-12,SKU0202,アトルバスタチンOD錠「サンド」,卸A,9608,222448
2024-12,SKU0202,アトルバスタチンOD錠「サンド」,卸B,7783,180196
2024-12,SKU0202,アトルバスタチンOD錠「サンド」,卸C,3662,84790
2025-01,SKU0202,アトルバスタチンOD錠「サンド」,卸A,11152,258208
2025-01,SKU0202,アトルバスタチンOD錠「サンド」,卸B,5768,133551
2025-01,SKU0202,アトルバスタチンOD錠「サンド」,卸C,3649,84477
2025-02,SKU0202,アトルバスタチンOD錠「サンド」,卸A,12296,284692
2025-02,SKU0202,アトルバスタチンOD錠「サンド」,卸B,8578,198610
2025-02,SKU0202,アトルバスタチンOD錠「サンド」,卸C,4367,101118
2025-03,SKU0202,アトルバスタチンOD錠「サンド」,卸A,17601,407509
2025-03,SKU0202,アトルバスタチンOD錠「サンド」,卸B,12171,281782
2025-03,SKU0202,アトルバスタチンOD錠「サンド」,卸C,6854,158689
2025-04,SKU0202,アトルバスタチンOD錠「サンド」,卸A,3507,78765
2025-04,SKU0202,アトルバスタチンOD錠「サンド」,卸B,0,0
2025-04,SKU0202,アトルバスタチンOD錠「サンド」,卸C,412,9256
2025-05,SKU0202,アトルバスタチンOD錠「サンド」,卸A,13381,300500
2025-05,SKU0202,アトルバスタチンOD錠「サンド」,卸B,9393,210939
2025-05,SKU0202,アトルバスタチンOD錠「サンド」,卸C,5119,114958
2025-06,SKU0202,アトルバスタチンOD錠「サンド」,卸A,14949,335732
2025-06,SKU0202,アトルバスタチンOD錠「サンド」,卸B,8989,201875
2025-06,SKU0202,アトルバスタチンOD錠「サンド」,卸C,5340,119919
2025-07,SKU0202,アトルバスタチンOD錠「サンド」,卸A,11576,259982
2025-07,SKU0202,アトルバスタチンOD錠「サンド」,卸B,6964,156401
2025-07,SKU0202,アトルバスタチンOD錠「サンド」,卸C,4781,107363
2025-08,SKU0202,アトルバスタチンOD錠「サンド」,卸A,14742,331080
2025-08,SKU0202,アトルバスタチンOD錠「サンド」,卸B,10511,236066
2025-08,SKU0202,アトルバスタチンOD錠「サンド」,卸C,4070,91406
2025-09,SKU0202,アトルバスタチンOD錠「サンド」,卸A,12679,284734
2025-09,SKU0202,アトルバスタチンOD錠「サンド」,卸B,6652,149382
2025-09,SKU0202,アトルバスタチンOD錠「サンド」,卸C,4854,109002
2025-10,SKU0202,アトルバスタチンOD錠「サンド」,卸A,13941,313088
2025-10,SKU0202,アトルバスタチンOD錠「サンド」,卸B,8402,188682
2025-10,SKU0202,アトルバスタチンOD錠「サンド」,卸C,4852,108971
2025-11,SKU0202,アトルバスタチンOD錠「サンド」,卸A,14916,334985
2025-11,SKU0202,アトルバスタチンOD錠「サンド」,卸B,10177,228556
2025-11,SKU0202,アトルバスタチンOD錠「サンド」,卸C,5939,133387
2025-12,SKU0202,アトルバスタチンOD錠「サンド」,卸A,14376,322862
2025-12,SKU0202,アトルバスタチンOD錠「サンド」,卸B,8322,186885
2025-12,SKU0202,アトルバスタチンOD錠「サンド」,卸C,4734,106319
2026-01,SKU0202,アトルバスタチンOD錠「サンド」,卸A,11238,252382
2026-01,SKU0202,アトルバスタチンOD錠「サンド」,卸B,5679,127545
2026-01,SKU0202,アトルバスタチンOD錠「サンド」,卸C,3911,87828
2026-02,SKU0202,アトルバスタチンOD錠「サンド」,卸A,15225,341921
2026-02,SKU0202,アトルバスタチンOD錠「サンド」,卸B,9486,213027
2026-02,SKU0202,アトルバスタチンOD錠「サンド」,卸C,4886,109728
2026-03,SKU0202,アトルバスタチンOD錠「サンド」,卸A,20476,459844
2026-03,SKU0202,アトルバスタチンOD錠「サンド」,卸B,12847,288507
2026-03,SKU0202,アトルバスタチンOD錠「サンド」,卸C,8621,193620
2026-04,SKU0202,アトルバスタチンOD錠「サンド」,卸A,8342,176108
2026-04,SKU0202,アトルバスタチンOD錠「サンド」,卸B,3734,78837
2026-04,SKU0202,アトルバスタチンOD錠「サンド」,卸C,708,14948
2026-05,SKU0202,アトルバスタチンOD錠「サンド」,卸A,12733,268789
2026-05,SKU0202,アトルバスタチンOD錠「サンド」,卸B,8901,187899
2026-05,SKU0202,アトルバスタチンOD錠「サンド」,卸C,4783,100969
2023-01,SKU0301,フィルグラスチムBS注「サンド」,卸A,6,33412
2023-01,SKU0301,フィルグラスチムBS注「サンド」,卸B,4,21301
2023-01,SKU0301,フィルグラスチムBS注「サンド」,卸C,2,11815
2023-02,SKU0301,フィルグラスチムBS注「サンド」,卸A,6,32183
2023-02,SKU0301,フィルグラスチムBS注「サンド」,卸B,3,19297
2023-02,SKU0301,フィルグラスチムBS注「サンド」,卸C,2,10731
2023-03,SKU0301,フィルグラスチムBS注「サンド」,卸A,11,65949
2023-03,SKU0301,フィルグラスチムBS注「サンド」,卸B,8,45592
2023-03,SKU0301,フィルグラスチムBS注「サンド」,卸C,4,23013
2023-04,SKU0301,フィルグラスチムBS注「サンド」,卸A,9,52857
2023-04,SKU0301,フィルグラスチムBS注「サンド」,卸B,5,31053
2023-04,SKU0301,フィルグラスチムBS注「サンド」,卸C,4,22786
2023-05,SKU0301,フィルグラスチムBS注「サンド」,卸A,13,77663
2023-05,SKU0301,フィルグラスチムBS注「サンド」,卸B,11,63182
2023-05,SKU0301,フィルグラスチムBS注「サンド」,卸C,6,32507
2023-06,SKU0301,フィルグラスチムBS注「サンド」,卸A,19,111278
2023-06,SKU0301,フィルグラスチムBS注「サンド」,卸B,15,89722
2023-06,SKU0301,フィルグラスチムBS注「サンド」,卸C,8,43586
2023-07,SKU0301,フィルグラスチムBS注「サンド」,卸A,22,129106
2023-07,SKU0301,フィルグラスチムBS注「サンド」,卸B,16,93683
2023-07,SKU0301,フィルグラスチムBS注「サンド」,卸C,10,56546
2023-08,SKU0301,フィルグラスチムBS注「サンド」,卸A,26,150253
2023-08,SKU0301,フィルグラスチムBS注「サンド」,卸B,15,85360
2023-08,SKU0301,フィルグラスチムBS注「サンド」,卸C,8,45037
2023-09,SKU0301,フィルグラスチムBS注「サンド」,卸A,28,164860
2023-09,SKU0301,フィルグラスチムBS注「サンド」,卸B,19,112928
2023-09,SKU0301,フィルグラスチムBS注「サンド」,卸C,12,69687
2023-10,SKU0301,フィルグラスチムBS注「サンド」,卸A,35,201593
2023-10,SKU0301,フィルグラスチムBS注「サンド」,卸B,24,141540
2023-10,SKU0301,フィルグラスチムBS注「サンド」,卸C,13,74758
2023-11,SKU0301,フィルグラスチムBS注「サンド」,卸A,52,300997
2023-11,SKU0301,フィルグラスチムBS注「サンド」,卸B,38,220378
2023-11,SKU0301,フィルグラスチムBS注「サンド」,卸C,23,134672
2023-12,SKU0301,フィルグラスチムBS注「サンド」,卸A,44,254246
2023-12,SKU0301,フィルグラスチムBS注「サンド」,卸B,29,169320
2023-12,SKU0301,フィルグラスチムBS注「サンド」,卸C,15,89108
2024-01,SKU0301,フィルグラスチムBS注「サンド」,卸A,70,403757
2024-01,SKU0301,フィルグラスチムBS注「サンド」,卸B,47,272267
2024-01,SKU0301,フィルグラスチムBS注「サンド」,卸C,29,169021
2024-02,SKU0301,フィルグラスチムBS注「サンド」,卸A,73,424046
2024-02,SKU0301,フィルグラスチムBS注「サンド」,卸B,45,260505
2024-02,SKU0301,フィルグラスチムBS注「サンド」,卸C,23,132748
2024-03,SKU0301,フィルグラスチムBS注「サンド」,卸A,133,773926
2024-03,SKU0301,フィルグラスチムBS注「サンド」,卸B,83,481028
2024-03,SKU0301,フィルグラスチムBS注「サンド」,卸C,59,342947
2024-04,SKU0301,フィルグラスチムBS注「サンド」,卸A,47,256324
2024-04,SKU0301,フィルグラスチムBS注「サンド」,卸B,26,144086
2024-04,SKU0301,フィルグラスチムBS注「サンド」,卸C,5,29621
2024-05,SKU0301,フィルグラスチムBS注「サンド」,卸A,117,641540
2024-05,SKU0301,フィルグラスチムBS注「サンド」,卸B,72,395416
2024-05,SKU0301,フィルグラスチムBS注「サンド」,卸C,44,241811
2024-06,SKU0301,フィルグラスチムBS注「サンド」,卸A,135,741977
2024-06,SKU0301,フィルグラスチムBS注「サンド」,卸B,91,496090
2024-06,SKU0301,フィルグラスチムBS注「サンド」,卸C,54,293708
2024-07,SKU0301,フィルグラスチムBS注「サンド」,卸A,165,903490
2024-07,SKU0301,フィルグラスチムBS注「サンド」,卸B,105,572903
2024-07,SKU0301,フィルグラスチムBS注「サンド」,卸C,70,385450
2024-08,SKU0301,フィルグラスチムBS注「サンド」,卸A,139,760698
2024-08,SKU0301,フィルグラスチムBS注「サンド」,卸B,99,540283
2024-08,SKU0301,フィルグラスチムBS注「サンド」,卸C,50,275758
2024-09,SKU0301,フィルグラスチムBS注「サンド」,卸A,210,1150360
2024-09,SKU0301,フィルグラスチムBS注「サンド」,卸B,115,628066
2024-09,SKU0301,フィルグラスチムBS注「サンド」,卸C,65,354040
2024-10,SKU0301,フィルグラスチムBS注「サンド」,卸A,202,1106795
2024-10,SKU0301,フィルグラスチムBS注「サンド」,卸B,141,770806
2024-10,SKU0301,フィルグラスチムBS注「サンド」,卸C,84,462990
2024-11,SKU0301,フィルグラスチムBS注「サンド」,卸A,238,1302086
2024-11,SKU0301,フィルグラスチムBS注「サンド」,卸B,146,798316
2024-11,SKU0301,フィルグラスチムBS注「サンド」,卸C,85,466576
2024-12,SKU0301,フィルグラスチムBS注「サンド」,卸A,256,1405247
2024-12,SKU0301,フィルグラスチムBS注「サンド」,卸B,171,934822
2024-12,SKU0301,フィルグラスチムBS注「サンド」,卸C,114,622378
2025-01,SKU0301,フィルグラスチムBS注「サンド」,卸A,280,1532777
2025-01,SKU0301,フィルグラスチムBS注「サンド」,卸B,192,1052041
2025-01,SKU0301,フィルグラスチムBS注「サンド」,卸C,87,478174
2025-02,SKU0301,フィルグラスチムBS注「サンド」,卸A,299,1641244
2025-02,SKU0301,フィルグラスチムBS注「サンド」,卸B,182,998781
2025-02,SKU0301,フィルグラスチムBS注「サンド」,卸C,103,564067
2025-03,SKU0301,フィルグラスチムBS注「サンド」,卸A,488,2672004
2025-03,SKU0301,フィルグラスチムBS注「サンド」,卸B,299,1637472
2025-03,SKU0301,フィルグラスチムBS注「サンド」,卸C,217,1190293
2025-04,SKU0301,フィルグラスチムBS注「サンド」,卸A,119,631495
2025-04,SKU0301,フィルグラスチムBS注「サンド」,卸B,55,292322
2025-04,SKU0301,フィルグラスチムBS注「サンド」,卸C,0,0
2025-05,SKU0301,フィルグラスチムBS注「サンド」,卸A,317,1687952
2025-05,SKU0301,フィルグラスチムBS注「サンド」,卸B,208,1104891
2025-05,SKU0301,フィルグラスチムBS注「サンド」,卸C,128,679563
2025-06,SKU0301,フィルグラスチムBS注「サンド」,卸A,467,2482750
2025-06,SKU0301,フィルグラスチムBS注「サンド」,卸B,331,1762082
2025-06,SKU0301,フィルグラスチムBS注「サンド」,卸C,179,949094
2025-07,SKU0301,フィルグラスチムBS注「サンド」,卸A,420,2231539
2025-07,SKU0301,フィルグラスチムBS注「サンド」,卸B,245,1302298
2025-07,SKU0301,フィルグラスチムBS注「サンド」,卸C,147,783096
2025-08,SKU0301,フィルグラスチムBS注「サンド」,卸A,444,2360832
2025-08,SKU0301,フィルグラスチムBS注「サンド」,卸B,281,1495796
2025-08,SKU0301,フィルグラスチムBS注「サンド」,卸C,187,994243
2025-09,SKU0301,フィルグラスチムBS注「サンド」,卸A,452,2405327
2025-09,SKU0301,フィルグラスチムBS注「サンド」,卸B,286,1520581
2025-09,SKU0301,フィルグラスチムBS注「サンド」,卸C,168,894586
2025-10,SKU0301,フィルグラスチムBS注「サンド」,卸A,492,2616177
2025-10,SKU0301,フィルグラスチムBS注「サンド」,卸B,377,2003116
2025-10,SKU0301,フィルグラスチムBS注「サンド」,卸C,173,918010
2025-11,SKU0301,フィルグラスチムBS注「サンド」,卸A,426,2264910
2025-11,SKU0301,フィルグラスチムBS注「サンド」,卸B,218,1159111
2025-11,SKU0301,フィルグラスチムBS注「サンド」,卸C,165,878998
2025-12,SKU0301,フィルグラスチムBS注「サンド」,卸A,630,3351745
2025-12,SKU0301,フィルグラスチムBS注「サンド」,卸B,388,2064571
2025-12,SKU0301,フィルグラスチムBS注「サンド」,卸C,189,1005458
2026-01,SKU0301,フィルグラスチムBS注「サンド」,卸A,438,2329660
2026-01,SKU0301,フィルグラスチムBS注「サンド」,卸B,343,1824751
2026-01,SKU0301,フィルグラスチムBS注「サンド」,卸C,215,1144537
2026-02,SKU0301,フィルグラスチムBS注「サンド」,卸A,460,2445584
2026-02,SKU0301,フィルグラスチムBS注「サンド」,卸B,292,1554931
2026-02,SKU0301,フィルグラスチムBS注「サンド」,卸C,187,993488
2026-03,SKU0301,フィルグラスチムBS注「サンド」,卸A,657,3491430
2026-03,SKU0301,フィルグラスチムBS注「サンド」,卸B,475,2525343
2026-03,SKU0301,フィルグラスチムBS注「サンド」,卸C,264,1404438
2026-04,SKU0301,フィルグラスチムBS注「サンド」,卸A,454,2267109
2026-04,SKU0301,フィルグラスチムBS注「サンド」,卸B,142,708030
2026-04,SKU0301,フィルグラスチムBS注「サンド」,卸C,71,356057
2026-05,SKU0301,フィルグラスチムBS注「サンド」,卸A,683,3412734
2026-05,SKU0301,フィルグラスチムBS注「サンド」,卸B,460,2296592
2026-05,SKU0301,フィルグラスチムBS注「サンド」,卸C,229,1144738
2023-01,SKU0302,フィルグラスチムBS注「サンド」,卸A,10,106139
2023-01,SKU0302,フィルグラスチムBS注「サンド」,卸B,6,62888
2023-01,SKU0302,フィルグラスチムBS注「サンド」,卸C,4,39487
2023-02,SKU0302,フィルグラスチムBS注「サンド」,卸A,11,113130
2023-02,SKU0302,フィルグラスチムBS注「サンド」,卸B,6,62719
2023-02,SKU0302,フィルグラスチムBS注「サンド」,卸C,3,32562
2023-03,SKU0302,フィルグラスチムBS注「サンド」,卸A,18,182278
2023-03,SKU0302,フィルグラスチムBS注「サンド」,卸B,14,144720
2023-03,SKU0302,フィルグラスチムBS注「サンド」,卸C,9,89351
2023-04,SKU0302,フィルグラスチムBS注「サンド」,卸A,18,184293
2023-04,SKU0302,フィルグラスチムBS注「サンド」,卸B,10,102351
2023-04,SKU0302,フィルグラスチムBS注「サンド」,卸C,6,57251
2023-05,SKU0302,フィルグラスチムBS注「サンド」,卸A,23,235408
2023-05,SKU0302,フィルグラスチムBS注「サンド」,卸B,17,178180
2023-05,SKU0302,フィルグラスチムBS注「サンド」,卸C,10,102421
2023-06,SKU0302,フィルグラスチムBS注「サンド」,卸A,33,332273
2023-06,SKU0302,フィルグラスチムBS注「サンド」,卸B,19,189418
2023-06,SKU0302,フィルグラスチムBS注「サンド」,卸C,13,132532
2023-07,SKU0302,フィルグラスチムBS注「サンド」,卸A,41,414770
2023-07,SKU0302,フィルグラスチムBS注「サンド」,卸B,30,301205
2023-07,SKU0302,フィルグラスチムBS注「サンド」,卸C,15,157708
2023-08,SKU0302,フィルグラスチムBS注「サンド」,卸A,34,351480
2023-08,SKU0302,フィルグラスチムBS注「サンド」,卸B,23,231912
2023-08,SKU0302,フィルグラスチムBS注「サンド」,卸C,13,134418
2023-09,SKU0302,フィルグラスチムBS注「サンド」,卸A,49,497607
2023-09,SKU0302,フィルグラスチムBS注「サンド」,卸B,29,296702
2023-09,SKU0302,フィルグラスチムBS注「サンド」,卸C,15,156493
2023-10,SKU0302,フィルグラスチムBS注「サンド」,卸A,50,508711
2023-10,SKU0302,フィルグラスチムBS注「サンド」,卸B,38,391477
2023-10,SKU0302,フィルグラスチムBS注「サンド」,卸C,26,260451
2023-11,SKU0302,フィルグラスチムBS注「サンド」,卸A,78,795373
2023-11,SKU0302,フィルグラスチムBS注「サンド」,卸B,54,554068
2023-11,SKU0302,フィルグラスチムBS注「サンド」,卸C,29,300518
2023-12,SKU0302,フィルグラスチムBS注「サンド」,卸A,63,644450
2023-12,SKU0302,フィルグラスチムBS注「サンド」,卸B,40,406238
2023-12,SKU0302,フィルグラスチムBS注「サンド」,卸C,22,228671
2024-01,SKU0302,フィルグラスチムBS注「サンド」,卸A,101,1034039
2024-01,SKU0302,フィルグラスチムBS注「サンド」,卸B,65,664991
2024-01,SKU0302,フィルグラスチムBS注「サンド」,卸C,37,380671
2024-02,SKU0302,フィルグラスチムBS注「サンド」,卸A,99,1010553
2024-02,SKU0302,フィルグラスチムBS注「サンド」,卸B,61,621371
2024-02,SKU0302,フィルグラスチムBS注「サンド」,卸C,41,414411
2024-03,SKU0302,フィルグラスチムBS注「サンド」,卸A,171,1741722
2024-03,SKU0302,フィルグラスチムBS注「サンド」,卸B,117,1189498
2024-03,SKU0302,フィルグラスチムBS注「サンド」,卸C,75,768034
2024-04,SKU0302,フィルグラスチムBS注「サンド」,卸A,56,543220
2024-04,SKU0302,フィルグラスチムBS注「サンド」,卸B,31,298027
2024-04,SKU0302,フィルグラスチムBS注「サンド」,卸C,10,92708
2024-05,SKU0302,フィルグラスチムBS注「サンド」,卸A,165,1590215
2024-05,SKU0302,フィルグラスチムBS注「サンド」,卸B,103,988165
2024-05,SKU0302,フィルグラスチムBS注「サンド」,卸C,52,501898
2024-06,SKU0302,フィルグラスチムBS注「サンド」,卸A,162,1557585
2024-06,SKU0302,フィルグラスチムBS注「サンド」,卸B,116,1121687
2024-06,SKU0302,フィルグラスチムBS注「サンド」,卸C,69,661700
2024-07,SKU0302,フィルグラスチムBS注「サンド」,卸A,227,2191839
2024-07,SKU0302,フィルグラスチムBS注「サンド」,卸B,163,1567685
2024-07,SKU0302,フィルグラスチムBS注「サンド」,卸C,80,771575
2024-08,SKU0302,フィルグラスチムBS注「サンド」,卸A,184,1771175
2024-08,SKU0302,フィルグラスチムBS注「サンド」,卸B,121,1167117
2024-08,SKU0302,フィルグラスチムBS注「サンド」,卸C,73,699417
2024-09,SKU0302,フィルグラスチムBS注「サンド」,卸A,193,1862921
2024-09,SKU0302,フィルグラスチムBS注「サンド」,卸B,142,1371945
2024-09,SKU0302,フィルグラスチムBS注「サンド」,卸C,70,673124
2024-10,SKU0302,フィルグラスチムBS注「サンド」,卸A,245,2357601
2024-10,SKU0302,フィルグラスチムBS注「サンド」,卸B,154,1487281
2024-10,SKU0302,フィルグラスチムBS注「サンド」,卸C,101,977218
2024-11,SKU0302,フィルグラスチムBS注「サンド」,卸A,253,2436920
2024-11,SKU0302,フィルグラスチムBS注「サンド」,卸B,155,1493806
2024-11,SKU0302,フィルグラスチムBS注「サンド」,卸C,100,968498
2024-12,SKU0302,フィルグラスチムBS注「サンド」,卸A,335,3233798
2024-12,SKU0302,フィルグラスチムBS注「サンド」,卸B,231,2223494
2024-12,SKU0302,フィルグラスチムBS注「サンド」,卸C,126,1217641
2025-01,SKU0302,フィルグラスチムBS注「サンド」,卸A,305,2940774
2025-01,SKU0302,フィルグラスチムBS注「サンド」,卸B,217,2096083
2025-01,SKU0302,フィルグラスチムBS注「サンド」,卸C,91,879443
2025-02,SKU0302,フィルグラスチムBS注「サンド」,卸A,362,3488007
2025-02,SKU0302,フィルグラスチムBS注「サンド」,卸B,203,1957621
2025-02,SKU0302,フィルグラスチムBS注「サンド」,卸C,141,1358036
2025-03,SKU0302,フィルグラスチムBS注「サンド」,卸A,437,4207611
2025-03,SKU0302,フィルグラスチムBS注「サンド」,卸B,372,3583301
2025-03,SKU0302,フィルグラスチムBS注「サンド」,卸C,233,2245359
2025-04,SKU0302,フィルグラスチムBS注「サンド」,卸A,189,1765846
2025-04,SKU0302,フィルグラスチムBS注「サンド」,卸B,24,222376
2025-04,SKU0302,フィルグラスチムBS注「サンド」,卸C,0,0
2025-05,SKU0302,フィルグラスチムBS注「サンド」,卸A,347,3242286
2025-05,SKU0302,フィルグラスチムBS注「サンド」,卸B,240,2243843
2025-05,SKU0302,フィルグラスチムBS注「サンド」,卸C,138,1290544
2025-06,SKU0302,フィルグラスチムBS注「サンド」,卸A,442,4130140
2025-06,SKU0302,フィルグラスチムBS注「サンド」,卸B,286,2670087
2025-06,SKU0302,フィルグラスチムBS注「サンド」,卸C,177,1650705
2025-07,SKU0302,フィルグラスチムBS注「サンド」,卸A,403,3766575
2025-07,SKU0302,フィルグラスチムBS注「サンド」,卸B,250,2334263
2025-07,SKU0302,フィルグラスチムBS注「サンド」,卸C,176,1649357
2025-08,SKU0302,フィルグラスチムBS注「サンド」,卸A,496,4633606
2025-08,SKU0302,フィルグラスチムBS注「サンド」,卸B,338,3163021
2025-08,SKU0302,フィルグラスチムBS注「サンド」,卸C,150,1402970
2025-09,SKU0302,フィルグラスチムBS注「サンド」,卸A,396,3706358
2025-09,SKU0302,フィルグラスチムBS注「サンド」,卸B,261,2443104
2025-09,SKU0302,フィルグラスチムBS注「サンド」,卸C,180,1686076
2025-10,SKU0302,フィルグラスチムBS注「サンド」,卸A,466,4352450
2025-10,SKU0302,フィルグラスチムBS注「サンド」,卸B,306,2860268
2025-10,SKU0302,フィルグラスチムBS注「サンド」,卸C,146,1362705
2025-11,SKU0302,フィルグラスチムBS注「サンド」,卸A,449,4201333
2025-11,SKU0302,フィルグラスチムBS注「サンド」,卸B,195,1818777
2025-11,SKU0302,フィルグラスチムBS注「サンド」,卸C,141,1316969
2025-12,SKU0302,フィルグラスチムBS注「サンド」,卸A,512,4789193
2025-12,SKU0302,フィルグラスチムBS注「サンド」,卸B,345,3221409
2025-12,SKU0302,フィルグラスチムBS注「サンド」,卸C,172,1605310
2026-01,SKU0302,フィルグラスチムBS注「サンド」,卸A,414,3875071
2026-01,SKU0302,フィルグラスチムBS注「サンド」,卸B,339,3170114
2026-01,SKU0302,フィルグラスチムBS注「サンド」,卸C,196,1831228
2026-02,SKU0302,フィルグラスチムBS注「サンド」,卸A,438,4091091
2026-02,SKU0302,フィルグラスチムBS注「サンド」,卸B,259,2419191
2026-02,SKU0302,フィルグラスチムBS注「サンド」,卸C,147,1376647
2026-03,SKU0302,フィルグラスチムBS注「サンド」,卸A,568,5310429
2026-03,SKU0302,フィルグラスチムBS注「サンド」,卸B,407,3805303
2026-03,SKU0302,フィルグラスチムBS注「サンド」,卸C,241,2250415
2026-04,SKU0302,フィルグラスチムBS注「サンド」,卸A,265,2326677
2026-04,SKU0302,フィルグラスチムBS注「サンド」,卸B,94,827765
2026-04,SKU0302,フィルグラスチムBS注「サンド」,卸C,33,285931
2026-05,SKU0302,フィルグラスチムBS注「サンド」,卸A,533,4683931
2026-05,SKU0302,フィルグラスチムBS注「サンド」,卸B,365,3211621
2026-05,SKU0302,フィルグラスチムBS注「サンド」,卸C,189,1663413
2023-01,SKU0401,インフリキシマブBS点滴静注用「サンド」,卸A,2,79731
2023-01,SKU0401,インフリキシマブBS点滴静注用「サンド」,卸B,1,47894
2023-01,SKU0401,インフリキシマブBS点滴静注用「サンド」,卸C,1,27235
2023-02,SKU0401,インフリキシマブBS点滴静注用「サンド」,卸A,10,368488
2023-02,SKU0401,インフリキシマブBS点滴静注用「サンド」,卸B,7,267158
2023-02,SKU0401,インフリキシマブBS点滴静注用「サンド」,卸C,4,161107
2023-03,SKU0401,インフリキシマブBS点滴静注用「サンド」,卸A,6,203126
2023-03,SKU0401,インフリキシマブBS点滴静注用「サンド」,卸B,3,121063
2023-03,SKU0401,インフリキシマブBS点滴静注用「サンド」,卸C,2,75539
2023-04,SKU0401,インフリキシマブBS点滴静注用「サンド」,卸A,10,344898
2023-04,SKU0401,インフリキシマブBS点滴静注用「サンド」,卸B,8,287547
2023-04,SKU0401,インフリキシマブBS点滴静注用「サンド」,卸C,4,149949
2023-05,SKU0401,インフリキシマブBS点滴静注用「サンド」,卸A,10,357744
2023-05,SKU0401,インフリキシマブBS点滴静注用「サンド」,卸B,7,252640
2023-05,SKU0401,インフリキシマブBS点滴静注用「サンド」,卸C,4,143198
2023-06,SKU0401,インフリキシマブBS点滴静注用「サンド」,卸A,18,641735
2023-06,SKU0401,インフリキシマブBS点滴静注用「サンド」,卸B,12,425726
2023-06,SKU0401,インフリキシマブBS点滴静注用「サンド」,卸C,7,237564
2023-07,SKU0401,インフリキシマブBS点滴静注用「サンド」,卸A,12,415429
2023-07,SKU0401,インフリキシマブBS点滴静注用「サンド」,卸B,7,266160
2023-07,SKU0401,インフリキシマブBS点滴静注用「サンド」,卸C,4,138285
2023-08,SKU0401,インフリキシマブBS点滴静注用「サンド」,卸A,20,707660
2023-08,SKU0401,インフリキシマブBS点滴静注用「サンド」,卸B,13,450516
2023-08,SKU0401,インフリキシマブBS点滴静注用「サンド」,卸C,8,282674
2023-09,SKU0401,インフリキシマブBS点滴静注用「サンド」,卸A,15,540455
2023-09,SKU0401,インフリキシマブBS点滴静注用「サンド」,卸B,11,401441
2023-09,SKU0401,インフリキシマブBS点滴静注用「サンド」,卸C,6,225942
2023-10,SKU0401,インフリキシマブBS点滴静注用「サンド」,卸A,22,787173
2023-10,SKU0401,インフリキシマブBS点滴静注用「サンド」,卸B,14,508604
2023-10,SKU0401,インフリキシマブBS点滴静注用「サンド」,卸C,8,302983
2023-11,SKU0401,インフリキシマブBS点滴静注用「サンド」,卸A,25,901256
2023-11,SKU0401,インフリキシマブBS点滴静注用「サンド」,卸B,17,610309
2023-11,SKU0401,インフリキシマブBS点滴静注用「サンド」,卸C,11,383900
2023-12,SKU0401,インフリキシマブBS点滴静注用「サンド」,卸A,37,1325409
2023-12,SKU0401,インフリキシマブBS点滴静注用「サンド」,卸B,21,761969
2023-12,SKU0401,インフリキシマブBS点滴静注用「サンド」,卸C,13,459934
2024-01,SKU0401,インフリキシマブBS点滴静注用「サンド」,卸A,34,1214197
2024-01,SKU0401,インフリキシマブBS点滴静注用「サンド」,卸B,22,780735
2024-01,SKU0401,インフリキシマブBS点滴静注用「サンド」,卸C,10,349206
2024-02,SKU0401,インフリキシマブBS点滴静注用「サンド」,卸A,43,1544564
2024-02,SKU0401,インフリキシマブBS点滴静注用「サンド」,卸B,28,993645
2024-02,SKU0401,インフリキシマブBS点滴静注用「サンド」,卸C,21,747562
2024-03,SKU0401,インフリキシマブBS点滴静注用「サンド」,卸A,43,1554635
2024-03,SKU0401,インフリキシマブBS点滴静注用「サンド」,卸B,29,1026735
2024-03,SKU0401,インフリキシマブBS点滴静注用「サンド」,卸C,14,495750
2024-04,SKU0401,インフリキシマブBS点滴静注用「サンド」,卸A,27,903279
2024-04,SKU0401,インフリキシマブBS点滴静注用「サンド」,卸B,15,523541
2024-04,SKU0401,インフリキシマブBS点滴静注用「サンド」,卸C,8,262119
2024-05,SKU0401,インフリキシマブBS点滴静注用「サンド」,卸A,57,1943083
2024-05,SKU0401,インフリキシマブBS点滴静注用「サンド」,卸B,38,1308494
2024-05,SKU0401,インフリキシマブBS点滴静注用「サンド」,卸C,21,718153
2024-06,SKU0401,インフリキシマブBS点滴静注用「サンド」,卸A,102,3482382
2024-06,SKU0401,インフリキシマブBS点滴静注用「サンド」,卸B,71,2428817
2024-06,SKU0401,インフリキシマブBS点滴静注用「サンド」,卸C,47,1599196
2024-07,SKU0401,インフリキシマブBS点滴静注用「サンド」,卸A,80,2708176
2024-07,SKU0401,インフリキシマブBS点滴静注用「サンド」,卸B,45,1517044
2024-07,SKU0401,インフリキシマブBS点滴静注用「サンド」,卸C,26,871785
2024-08,SKU0401,インフリキシマブBS点滴静注用「サンド」,卸A,85,2896058
2024-08,SKU0401,インフリキシマブBS点滴静注用「サンド」,卸B,66,2258302
2024-08,SKU0401,インフリキシマブBS点滴静注用「サンド」,卸C,31,1053819
2024-09,SKU0401,インフリキシマブBS点滴静注用「サンド」,卸A,95,3238135
2024-09,SKU0401,インフリキシマブBS点滴静注用「サンド」,卸B,45,1519169
2024-09,SKU0401,インフリキシマブBS点滴静注用「サンド」,卸C,34,1167109
2024-10,SKU0401,インフリキシマブBS点滴静注用「サンド」,卸A,105,3572486
2024-10,SKU0401,インフリキシマブBS点滴静注用「サンド」,卸B,74,2514800
2024-10,SKU0401,インフリキシマブBS点滴静注用「サンド」,卸C,35,1185965
2024-11,SKU0401,インフリキシマブBS点滴静注用「サンド」,卸A,117,3987299
2024-11,SKU0401,インフリキシマブBS点滴静注用「サンド」,卸B,67,2271733
2024-11,SKU0401,インフリキシマブBS点滴静注用「サンド」,卸C,46,1577429
2024-12,SKU0401,インフリキシマブBS点滴静注用「サンド」,卸A,127,4308273
2024-12,SKU0401,インフリキシマブBS点滴静注用「サンド」,卸B,77,2618407
2024-12,SKU0401,インフリキシマブBS点滴静注用「サンド」,卸C,48,1630019
2025-01,SKU0401,インフリキシマブBS点滴静注用「サンド」,卸A,132,4478728
2025-01,SKU0401,インフリキシマブBS点滴静注用「サンド」,卸B,73,2497576
2025-01,SKU0401,インフリキシマブBS点滴静注用「サンド」,卸C,42,1427350
2025-02,SKU0401,インフリキシマブBS点滴静注用「サンド」,卸A,121,4121425
2025-02,SKU0401,インフリキシマブBS点滴静注用「サンド」,卸B,89,3030297
2025-02,SKU0401,インフリキシマブBS点滴静注用「サンド」,卸C,47,1608000
2025-03,SKU0401,インフリキシマブBS点滴静注用「サンド」,卸A,213,7234768
2025-03,SKU0401,インフリキシマブBS点滴静注用「サンド」,卸B,155,5261209
2025-03,SKU0401,インフリキシマブBS点滴静注用「サンド」,卸C,94,3210210
2025-04,SKU0401,インフリキシマブBS点滴静注用「サンド」,卸A,105,3460356
2025-04,SKU0401,インフリキシマブBS点滴静注用「サンド」,卸B,47,1544469
2025-04,SKU0401,インフリキシマブBS点滴静注用「サンド」,卸C,19,615670
2025-05,SKU0401,インフリキシマブBS点滴静注用「サンド」,卸A,187,6165619
2025-05,SKU0401,インフリキシマブBS点滴静注用「サンド」,卸B,121,3998891
2025-05,SKU0401,インフリキシマブBS点滴静注用「サンド」,卸C,63,2091426
2025-06,SKU0401,インフリキシマブBS点滴静注用「サンド」,卸A,229,7558582
2025-06,SKU0401,インフリキシマブBS点滴静注用「サンド」,卸B,168,5536795
2025-06,SKU0401,インフリキシマブBS点滴静注用「サンド」,卸C,108,3569070
2025-07,SKU0401,インフリキシマブBS点滴静注用「サンド」,卸A,191,6312325
2025-07,SKU0401,インフリキシマブBS点滴静注用「サンド」,卸B,131,4320186
2025-07,SKU0401,インフリキシマブBS点滴静注用「サンド」,卸C,77,2530321
2025-08,SKU0401,インフリキシマブBS点滴静注用「サンド」,卸A,258,8506184
2025-08,SKU0401,インフリキシマブBS点滴静注用「サンド」,卸B,159,5237656
2025-08,SKU0401,インフリキシマブBS点滴静注用「サンド」,卸C,80,2625893
2025-09,SKU0401,インフリキシマブBS点滴静注用「サンド」,卸A,227,7503504
2025-09,SKU0401,インフリキシマブBS点滴静注用「サンド」,卸B,156,5143273
2025-09,SKU0401,インフリキシマブBS点滴静注用「サンド」,卸C,110,3630321
2025-10,SKU0401,インフリキシマブBS点滴静注用「サンド」,卸A,251,8288714
2025-10,SKU0401,インフリキシマブBS点滴静注用「サンド」,卸B,145,4799013
2025-10,SKU0401,インフリキシマブBS点滴静注用「サンド」,卸C,91,3014082
2025-11,SKU0401,インフリキシマブBS点滴静注用「サンド」,卸A,288,9505375
2025-11,SKU0401,インフリキシマブBS点滴静注用「サンド」,卸B,171,5636342
2025-11,SKU0401,インフリキシマブBS点滴静注用「サンド」,卸C,115,3780568
2025-12,SKU0401,インフリキシマブBS点滴静注用「サンド」,卸A,196,6474300
2025-12,SKU0401,インフリキシマブBS点滴静注用「サンド」,卸B,100,3289861
2025-12,SKU0401,インフリキシマブBS点滴静注用「サンド」,卸C,51,1673603
2026-01,SKU0401,インフリキシマブBS点滴静注用「サンド」,卸A,291,9617842
2026-01,SKU0401,インフリキシマブBS点滴静注用「サンド」,卸B,239,7877942
2026-01,SKU0401,インフリキシマブBS点滴静注用「サンド」,卸C,129,4262819
2026-02,SKU0401,インフリキシマブBS点滴静注用「サンド」,卸A,297,9794580
2026-02,SKU0401,インフリキシマブBS点滴静注用「サンド」,卸B,186,6136504
2026-02,SKU0401,インフリキシマブBS点滴静注用「サンド」,卸C,124,4103316
2026-03,SKU0401,インフリキシマブBS点滴静注用「サンド」,卸A,442,14583021
2026-03,SKU0401,インフリキシマブBS点滴静注用「サンド」,卸B,341,11239557
2026-03,SKU0401,インフリキシマブBS点滴静注用「サンド」,卸C,155,5102242
2026-04,SKU0401,インフリキシマブBS点滴静注用「サンド」,卸A,125,3878688
2026-04,SKU0401,インフリキシマブBS点滴静注用「サンド」,卸B,14,427361
2026-04,SKU0401,インフリキシマブBS点滴静注用「サンド」,卸C,11,348807
2026-05,SKU0401,インフリキシマブBS点滴静注用「サンド」,卸A,344,10684598
2026-05,SKU0401,インフリキシマブBS点滴静注用「サンド」,卸B,247,7674275
2026-05,SKU0401,インフリキシマブBS点滴静注用「サンド」,卸C,125,3872287
